Index,"('voltage_source_4a_0', 'i_bus_d')","('voltage_source_4a_0', 'i_bus_q')","('gfli_13a_0', 'z_pll')","('gfli_13a_0', 'phase')","('gfli_13a_0', 'z_cc_d')","('gfli_13a_0', 'z_cc_q')","('gfli_13a_0', 'i_vsc_d')","('gfli_13a_0', 'i_vsc_q')","('gfli_13a_0', 'i_bus_d')","('gfli_13a_0', 'i_bus_q')","('gfli_13a_0', 'v_lcl_sh_d')","('gfli_13a_0', 'v_lcl_sh_q')","('constant_impedance_loads_0', 'i_bus_D')","('constant_impedance_loads_0', 'i_bus_Q')","('shunt_parallel_rc_0', 'v_bus_D')","('shunt_parallel_rc_0', 'v_bus_Q')","('shunt_parallel_rc_1', 'v_bus_D')","('shunt_parallel_rc_1', 'v_bus_Q')","('branch_series_rl_0', 'i_br_D')","('branch_series_rl_0', 'i_br_Q')"
"('voltage_source_4a_0', 'i_bus_d')",-37.69911184307752,376.99111843077515,0.0,0.0,0.0,0.0,0.0,0.0,0.0,0.0,0.0,0.0,0.0,0.0,-75397.3100871667,-371.169297087795,0.0,0.0,0.0,0.0
"('voltage_source_4a_0', 'i_bus_q')",-376.99111843077515,-37.69911184307752,0.0,0.0,0.0,0.0,0.0,0.0,0.0,0.0,0.0,0.0,0.0,0.0,371.169297087795,-75397.3100871667,0.0,0.0,0.0,0.0
"('gfli_13a_0', 'z_pll')",0.0,0.0,0.0,-2374.999975000103,0.0,0.0,0.0,0.0,0.0,0.0,0.0,0.0,0.0,0.0,0.0,0.0,389.3242385333616,2469.4992685340926,0.0,0.0
"('gfli_13a_0', 'phase')",0.0,0.0,1.0,-94.99999900000411,0.0,0.0,0.0,0.0,0.0,0.0,0.0,0.0,0.0,0.0,0.0,0.0,15.572969541334464,98.7799707413637,0.0,0.0
"('gfli_13a_0', 'z_cc_d')",0.0,0.0,0.0,0.0,0.0,0.0,0.0,0.0,-0.6,0.0,0.0,0.0,0.0,0.0,0.0,0.0,0.0,0.0,0.0,0.0
"('gfli_13a_0', 'z_cc_q')",0.0,0.0,0.0,0.0,0.0,0.0,0.0,0.0,0.0,-0.6,0.0,0.0,0.0,0.0,0.0,0.0,0.0,0.0,0.0,0.0
"('gfli_13a_0', 'i_vsc_d')",0.0,0.0,0.036989121876380565,-3.5139665412671843,2513.2741228718346,0.0,-12.56637061435917,376.99111843077515,-125.66370614359174,-879.645943005142,-2513.2741228718346,0.0,0.0,0.0,0.0,0.0,1862.534612885639,-289.88977585710614,0.0,0.0
"('gfli_13a_0', 'i_vsc_q')",0.0,0.0,-0.8018914450374273,-1714.5281072200362,0.0,2513.2741228718346,-376.99111843077515,-12.56637061435917,879.645943005142,-125.66370614359174,0.0,-2513.2741228718346,0.0,0.0,0.0,0.0,281.05572918477924,1782.7477689387504,0.0,0.0
"('gfli_13a_0', 'i_bus_d')",0.0,0.0,0.010526315900276544,-0.9999999999999991,0.0,0.0,0.0,0.0,-56.54866776461627,376.99111843077515,1884.9555921538758,0.0,0.0,0.0,0.0,0.0,-1861.7946564203999,294.58334941044745,0.0,0.0
"('gfli_13a_0', 'i_bus_q')",0.0,0.0,5.276315745014034,-501.24999050003913,0.0,0.0,0.0,0.0,-376.99111843077515,-56.54866776461627,0.0,1884.9555921538758,0.0,0.0,0.0,0.0,-211.37565584623675,-1340.7642675026145,0.0,0.0
"('gfli_13a_0', 'v_lcl_sh_d')",0.0,0.0,-0.10494736952575723,9.969999999999999,0.0,0.0,5711.9866428905325,0.0,-5711.9866428905325,0.0,-571.1986642890532,376.99111843077515,0.0,0.0,0.0,0.0,-1.6343421890677903,-10.366698091137383,0.0,0.0
"('gfli_13a_0', 'v_lcl_sh_q')",0.0,0.0,-0.9321052529695709,88.54999810000781,0.0,0.0,0.0,5711.9866428905325,0.0,-5711.9866428905325,-376.99111843077515,-571.1986642890532,0.0,0.0,0.0,0.0,-14.515646713812984,-92.07332961620563,0.0,0.0
"('constant_impedance_loads_0', 'i_bus_D')",0.0,0.0,0.0,0.0,0.0,0.0,0.0,0.0,0.0,0.0,0.0,0.0,-942.4777960769379,376.99111843077515,0.0,0.0,-605.6921143852928,0.0,0.0,0.0
"('constant_impedance_loads_0', 'i_bus_Q')",0.0,0.0,0.0,0.0,0.0,0.0,0.0,0.0,0.0,0.0,0.0,0.0,-376.99111843077515,-942.4777960769379,0.0,0.0,0.0,-605.6921143852928,0.0,0.0
"('shunt_parallel_rc_0', 'v_bus_D')",753973.1008716669,-3711.6929708779494,0.0,0.0,0.0,0.0,0.0,0.0,0.0,0.0,0.0,0.0,0.0,0.0,-188.49555921538757,376.99111843077515,0.0,0.0,-753982.2368615502,0.0
"('shunt_parallel_rc_0', 'v_bus_Q')",3711.6929708779494,753973.1008716669,0.0,0.0,0.0,0.0,0.0,0.0,0.0,0.0,0.0,0.0,0.0,0.0,-376.99111843077515,-188.49555921538757,0.0,0.0,0.0,-753982.2368615502
"('shunt_parallel_rc_1', 'v_bus_D')",0.0,0.0,0.0,-69638.47060295976,0.0,0.0,0.0,0.0,744783.4329669189,117417.42409352149,0.0,0.0,753982.2368615502,0.0,0.0,0.0,-188.49555921538757,376.99111843077515,753982.2368615502,0.0
"('shunt_parallel_rc_1', 'v_bus_Q')",0.0,0.0,0.0,-390755.31173690653,0.0,0.0,0.0,0.0,-117417.42409352149,744783.4329669189,0.0,0.0,0.0,753982.2368615502,0.0,0.0,-376.99111843077515,-188.49555921538757,0.0,753982.2368615502
"('branch_series_rl_0', 'i_br_D')",0.0,0.0,0.0,0.0,0.0,0.0,0.0,0.0,0.0,0.0,0.0,0.0,0.0,0.0,2513.2741228718346,0.0,-2513.2741228718346,0.0,-37.69911184307752,376.99111843077515
"('branch_series_rl_0', 'i_br_Q')",0.0,0.0,0.0,0.0,0.0,0.0,0.0,0.0,0.0,0.0,0.0,0.0,0.0,0.0,0.0,2513.2741228718346,0.0,-2513.2741228718346,-376.99111843077515,-37.69911184307752
