Index,"('voltage_source_4a_0', 'i_bus_d')","('voltage_source_4a_0', 'i_bus_q')","('gfmi_25a_0', 'phase')","('gfmi_25a_0', 'w')","('gfmi_25a_0', 'q_f')","('gfmi_25a_0', 'z_vc_d')","('gfmi_25a_0', 'z_vc_q')","('gfmi_25a_0', 'z_cc_d')","('gfmi_25a_0', 'z_cc_q')","('gfmi_25a_0', 'i_vsc_d')","('gfmi_25a_0', 'i_vsc_q')","('gfmi_25a_0', 'i_bus_d')","('gfmi_25a_0', 'i_bus_q')","('gfmi_25a_0', 'v_lcl_sh_d')","('gfmi_25a_0', 'v_lcl_sh_q')","('gfmi_25a_0', 'i_L_f')","('gfmi_25a_0', 'v_dc_f')","('gfmi_25a_0', 'i_dc_f')","('gfmi_25a_0', 'i_load_f')","('gfmi_25a_0', 'x_1')","('gfmi_25a_0', 'x_2')","('gfmi_25a_0', 'i_L')","('gfmi_25a_0', 'v_dc')","('gfmi_25a_0', 'i_load')","('constant_impedance_loads_0', 'i_bus_D')","('constant_impedance_loads_0', 'i_bus_Q')","('shunt_parallel_rc_0', 'v_bus_D')","('shunt_parallel_rc_0', 'v_bus_Q')","('shunt_parallel_rc_1', 'v_bus_D')","('shunt_parallel_rc_1', 'v_bus_Q')","('branch_series_rl_0', 'i_br_D')","('branch_series_rl_0', 'i_br_Q')"
"('voltage_source_4a_0', 'i_bus_d')",-37.69911184307752,376.99111843077515,0.0,0.0,0.0,0.0,0.0,0.0,0.0,0.0,0.0,0.0,0.0,0.0,0.0,0.0,0.0,0.0,0.0,0.0,0.0,0.0,0.0,0.0,0.0,0.0,-75397.22506375983,-388.0563260881868,0.0,0.0,0.0,0.0
"('voltage_source_4a_0', 'i_bus_q')",-376.99111843077515,-37.69911184307752,0.0,0.0,0.0,0.0,0.0,0.0,0.0,0.0,0.0,0.0,0.0,0.0,0.0,0.0,0.0,0.0,0.0,0.0,0.0,0.0,0.0,0.0,0.0,0.0,388.0563260881868,-75397.22506375983,0.0,0.0,0.0,0.0
"('gfmi_25a_0', 'phase')",0.0,0.0,0.0,376.99111843077515,0.0,0.0,0.0,0.0,0.0,0.0,0.0,0.0,0.0,0.0,0.0,0.0,0.0,0.0,0.0,0.0,0.0,0.0,0.0,0.0,0.0,0.0,0.0,0.0,0.0,0.0,0.0,0.0
"('gfmi_25a_0', 'w')",0.0,0.0,0.0,-17.5,0.0,0.0,0.0,0.0,0.0,0.0,0.0,-0.23449868776073116,4.206868636905346e-18,0.13104722224487095,0.012106630615729507,0.0,0.0,0.0,0.0,0.0,0.0,0.0,0.0,0.0,0.0,0.0,0.0,0.0,0.0,0.0,0.0,0.0
"('gfmi_25a_0', 'q_f')",0.0,0.0,0.0,0.0,-4000.0,0.0,0.0,0.0,0.0,0.0,0.0,-6.730989819048553e-14,-3751.9790041716983,193.70608985167212,-2096.755555917935,0.0,0.0,0.0,0.0,0.0,0.0,0.0,0.0,0.0,0.0,0.0,0.0,0.0,0.0,0.0,0.0,0.0
"('gfmi_25a_0', 'z_vc_d')",0.0,0.0,0.0,0.0,-96.9978,0.0,0.0,0.0,0.0,0.0,0.0,0.0,0.0,-484.989,0.0,0.0,0.0,0.0,0.0,0.0,0.0,0.0,0.0,0.0,0.0,0.0,0.0,0.0,0.0,0.0,0.0,0.0
"('gfmi_25a_0', 'z_vc_q')",0.0,0.0,0.0,0.0,0.0,0.0,0.0,0.0,0.0,0.0,0.0,0.0,0.0,0.0,-484.989,0.0,0.0,0.0,0.0,0.0,0.0,0.0,0.0,0.0,0.0,0.0,0.0,0.0,0.0,0.0,0.0,0.0
"('gfmi_25a_0', 'z_cc_d')",0.0,0.0,0.0,6.546126324440782e-17,-6.7440000000000015,60.0,0.0,0.0,0.0,-60.0,0.0,48.0,0.0,-33.720000000000006,-3.96,0.0,0.0,0.0,0.0,0.0,0.0,0.0,0.0,0.0,0.0,0.0,0.0,0.0,0.0,0.0,0.0,0.0
"('gfmi_25a_0', 'z_cc_q')",0.0,0.0,0.0,3.7144592141299824,0.0,0.0,60.0,0.0,0.0,0.0,-60.0,0.0,48.0,3.96,-33.720000000000006,0.0,0.0,0.0,0.0,0.0,0.0,0.0,0.0,0.0,0.0,0.0,0.0,0.0,0.0,0.0,0.0,0.0
"('gfmi_25a_0', 'i_vsc_d')",0.0,0.0,0.0,1.2999530819314209e-14,-1347.4868944294885,11988.31756609865,0.0,2513.2741228718346,0.0,-12000.88393671301,-5.684341886080802e-14,9590.654052878921,0.0,-9250.708595019278,-791.228959362511,0.0,0.0,0.0,0.0,0.0,0.0,0.0,0.0,0.0,0.0,0.0,0.0,0.0,0.0,0.0,0.0,0.0
"('gfmi_25a_0', 'i_vsc_q')",0.0,0.0,0.0,742.1686107551908,0.0,0.0,11988.31756609865,0.0,2513.2741228718346,5.684341886080802e-14,-12000.88393671301,0.0,9590.654052878921,791.228959362511,-9250.708595019278,0.0,0.0,0.0,0.0,0.0,0.0,0.0,0.0,0.0,0.0,0.0,0.0,0.0,0.0,0.0,0.0,0.0
"('gfmi_25a_0', 'i_bus_d')",0.0,0.0,-200.35301085511213,-18.256368865008525,0.0,0.0,0.0,0.0,0.0,0.0,0.0,-56.54866776461627,376.99111843077515,1884.9555921538758,0.0,0.0,0.0,0.0,0.0,0.0,0.0,0.0,0.0,0.0,0.0,0.0,0.0,0.0,-1458.8198249085908,1193.6927170950812,0.0,0.0
"('gfmi_25a_0', 'i_bus_q')",0.0,0.0,1779.464265853139,197.61455552536103,0.0,0.0,0.0,0.0,0.0,0.0,0.0,-376.99111843077515,-56.54866776461627,0.0,1884.9555921538758,0.0,0.0,0.0,0.0,0.0,0.0,0.0,0.0,0.0,0.0,0.0,0.0,0.0,-1193.6927170950812,-1458.8198249085908,0.0,0.0
"('gfmi_25a_0', 'v_lcl_sh_d')",0.0,0.0,0.0,-6.343808450073188e-15,0.0,0.0,0.0,0.0,0.0,5711.9866428905325,0.0,-5711.9866428905325,0.0,-571.1986642890532,376.99111843077515,0.0,0.0,0.0,0.0,0.0,0.0,0.0,0.0,0.0,0.0,0.0,0.0,0.0,0.0,0.0,0.0,0.0
"('gfmi_25a_0', 'v_lcl_sh_q')",0.0,0.0,0.0,-353.6156902778686,0.0,0.0,0.0,0.0,0.0,0.0,5711.9866428905325,0.0,-5711.9866428905325,-376.99111843077515,-571.1986642890532,0.0,0.0,0.0,0.0,0.0,0.0,0.0,0.0,0.0,0.0,0.0,0.0,0.0,0.0,0.0,0.0,0.0
"('gfmi_25a_0', 'i_L_f')",0.0,0.0,0.0,0.0,0.0,0.0,0.0,0.0,0.0,0.0,0.0,0.0,0.0,0.0,0.0,-100.0,0.0,0.0,0.0,0.0,0.0,100.0,0.0,0.0,0.0,0.0,0.0,0.0,0.0,0.0,0.0,0.0
"('gfmi_25a_0', 'v_dc_f')",0.0,0.0,0.0,0.0,0.0,0.0,0.0,0.0,0.0,0.0,0.0,0.0,0.0,0.0,0.0,0.0,-100.0,0.0,0.0,0.0,0.0,0.0,100.0,0.0,0.0,0.0,0.0,0.0,0.0,0.0,0.0,0.0
"('gfmi_25a_0', 'i_dc_f')",0.0,0.0,0.0,0.37914013108896977,21.976421282891053,-195.51976230330115,6.124285273829946,-40.989467988113454,1.2839172481823786,284.6476483960201,-6.117865687589043,-156.41580984264093,4.899428219063957,110.28630924252805,9.462455988125447,0.0,0.0,-100.0,0.0,0.0,0.0,0.0,36.532963916282235,0.0,0.0,0.0,0.0,0.0,0.0,0.0,0.0,0.0
"('gfmi_25a_0', 'i_load_f')",0.0,0.0,0.0,0.0,0.0,0.0,0.0,0.0,0.0,0.0,0.0,0.0,0.0,0.0,0.0,0.0,0.0,0.0,-100.0,0.0,0.0,0.0,0.0,100.0,0.0,0.0,0.0,0.0,0.0,0.0,0.0,0.0
"('gfmi_25a_0', 'x_1')",0.0,0.0,0.0,0.0,0.0,0.0,0.0,0.0,0.0,0.0,0.0,0.0,0.0,0.0,0.0,0.0,-20.0,0.0,0.0,0.0,0.0,0.0,0.0,0.0,0.0,0.0,0.0,0.0,0.0,0.0,0.0,0.0
"('gfmi_25a_0', 'x_2')",0.0,0.0,0.0,0.0,0.0,0.0,0.0,0.0,0.0,0.0,0.0,0.0,0.0,0.0,0.0,-10.0,-12.0,10.0,10.0,10.0,0.0,0.0,0.0,0.0,0.0,0.0,0.0,0.0,0.0,0.0,0.0,0.0
"('gfmi_25a_0', 'i_L')",0.0,0.0,0.0,0.0,0.0,0.0,0.0,0.0,0.0,0.0,0.0,0.0,0.0,0.0,0.0,-3958.406743523139,-4750.0880922277665,3958.406743523139,3958.406743523139,3958.406743523139,3958.406743523139,0.0,-1795.1958020513098,0.0,0.0,0.0,0.0,0.0,0.0,0.0,0.0,0.0
"('gfmi_25a_0', 'v_dc')",0.0,0.0,0.0,-0.07146623103061071,-4.1424578192714945,36.85460693302041,-1.1544005774851387,7.726332690360674,-0.24201269968241904,-53.65481766375282,1.153190513986728,29.48368554641633,-0.923520461988111,-20.78847953447149,-1.7836309330326992,4.607738991270289,5.529286789524347,-4.607738991270289,-4.607738991270289,-4.607738991270289,-4.607738991270289,8.97597901025655,-6.886301463195196,-18.84955592153876,0.0,0.0,0.0,0.0,0.0,0.0,0.0,0.0
"('gfmi_25a_0', 'i_load')",0.0,0.0,0.0,0.0,0.0,0.0,0.0,0.0,0.0,0.0,0.0,0.0,0.0,0.0,0.0,0.0,0.0,0.0,0.0,0.0,0.0,0.0,0.0,-10000.0,0.0,0.0,0.0,0.0,0.0,0.0,0.0,0.0
"('constant_impedance_loads_0', 'i_bus_D')",0.0,0.0,0.0,0.0,0.0,0.0,0.0,0.0,0.0,0.0,0.0,0.0,0.0,0.0,0.0,0.0,0.0,0.0,0.0,0.0,0.0,0.0,0.0,0.0,-942.4777960769377,376.99111843077515,0.0,0.0,-605.6921143851334,0.0,0.0,0.0
"('constant_impedance_loads_0', 'i_bus_Q')",0.0,0.0,0.0,0.0,0.0,0.0,0.0,0.0,0.0,0.0,0.0,0.0,0.0,0.0,0.0,0.0,0.0,0.0,0.0,0.0,0.0,0.0,0.0,0.0,-376.99111843077515,-942.4777960769377,0.0,0.0,0.0,-605.6921143851334,0.0,0.0
"('shunt_parallel_rc_0', 'v_bus_D')",753972.2506375982,-3880.563260881868,0.0,0.0,0.0,0.0,0.0,0.0,0.0,0.0,0.0,0.0,0.0,0.0,0.0,0.0,0.0,0.0,0.0,0.0,0.0,0.0,0.0,0.0,0.0,0.0,-188.49555921538757,376.99111843077515,0.0,0.0,-753982.2368615502,0.0
"('shunt_parallel_rc_0', 'v_bus_Q')",3880.563260881868,753972.2506375982,0.0,0.0,0.0,0.0,0.0,0.0,0.0,0.0,0.0,0.0,0.0,0.0,0.0,0.0,0.0,0.0,0.0,0.0,0.0,0.0,0.0,0.0,0.0,0.0,-376.99111843077515,-188.49555921538757,0.0,0.0,0.0,-753982.2368615502
"('shunt_parallel_rc_1', 'v_bus_D')",0.0,0.0,-222029.9552546743,0.0,0.0,0.0,0.0,0.0,0.0,0.0,0.0,583527.9299634362,477477.0868380324,0.0,0.0,0.0,0.0,0.0,0.0,0.0,0.0,0.0,0.0,0.0,753982.2368615502,0.0,0.0,0.0,-188.49555921538757,376.99111843077515,753982.2368615502,0.0
"('shunt_parallel_rc_1', 'v_bus_Q')",0.0,0.0,-329001.4121673223,0.0,0.0,0.0,0.0,0.0,0.0,0.0,0.0,-477477.0868380324,583527.9299634362,0.0,0.0,0.0,0.0,0.0,0.0,0.0,0.0,0.0,0.0,0.0,0.0,753982.2368615502,0.0,0.0,-376.99111843077515,-188.49555921538757,0.0,753982.2368615502
"('branch_series_rl_0', 'i_br_D')",0.0,0.0,0.0,0.0,0.0,0.0,0.0,0.0,0.0,0.0,0.0,0.0,0.0,0.0,0.0,0.0,0.0,0.0,0.0,0.0,0.0,0.0,0.0,0.0,0.0,0.0,753.9822368615503,0.0,-753.9822368615503,0.0,-37.69911184307752,376.99111843077515
"('branch_series_rl_0', 'i_br_Q')",0.0,0.0,0.0,0.0,0.0,0.0,0.0,0.0,0.0,0.0,0.0,0.0,0.0,0.0,0.0,0.0,0.0,0.0,0.0,0.0,0.0,0.0,0.0,0.0,0.0,0.0,0.0,753.9822368615503,0.0,-753.9822368615503,-376.99111843077515,-37.69911184307752
