time,i_br_a,i_br_b,i_br_c
0.0,-1.0192313682365028,0.8743170155174091,0.14491435271909325
0.01002004008016032,1.0701333508120439,-0.3042736479446357,-0.7658597028653079
0.02004008016032064,-0.7027222980533585,-0.3847152694314851,1.0874375674868566
0.03006012024048096,0.06060889473788192,0.9232921598983366,-0.9839010546347118
0.04008016032064128,0.6051689847754027,-1.1009753598327134,0.4958063750580202
0.0501002004008016,-1.0344386979541675,0.8483281325525986,0.18611056540224713
0.06012024048096192,1.0593115222650782,-0.2640256853563645,-0.7952858369083715
0.07014028056112225,-0.6701233157000422,-0.42347449211238636,1.0935978078126474
0.08016032064128256,0.018981793971225736,0.9454088259526626,-0.9643906199237505
0.09018036072144288,0.639554453453684,-1.0978069985500782,0.458252545095433
0.1002004008016032,-1.0481355081380508,0.8211079269566647,0.22702758118068136
0.11022044088176353,1.0469661067880685,-0.2234000610372524,-0.8235660457521212
0.12024048096192384,-0.6365622316833123,-0.4616231897986395,1.0981854214813855
0.13026052104208416,-0.02267237113547349,0.966180863173118,-0.9435084920380368
0.1402805611222445,0.6730301213154442,-1.0930772448615564,0.4200471235447529
0.1503006012024048,-1.060328537006914,0.7927113496500475,0.2676171873559157
0.16032064128256512,1.0331220674286523,-0.1824560065961192,-0.8506660608337984
0.17034068136272545,-0.6020913906850546,-0.499110696304099,1.1012020869882309
0.18036072144288576,-0.06429442941010316,0.9855758249188719,-0.9212813955094776
0.1903807615230461,0.7055462153725836,-1.0867887717957325,0.3812425564225142
0.2004008016032064,-1.0710071610214202,0.7631834762265732,0.30782368479425376
0.21042084168336672,1.0178048151402166,-0.1412523621141286,-0.876552453024146
0.22044088176352705,-0.566762777515107,-0.5358864941830801,1.1026492716992682
0.23046092184368736,-0.10582637746819577,1.003564447756754,-0.8977380702876869
0.24048096192384769,0.7370610517919045,-1.078953446532863,0.3418923947402493
0.250501002004008,-1.080160805257544,0.7325693417812333,0.34759146347584696
0.2605210420841683,1.0010397426944535,-0.09984799397757202,-0.9011917487174632
0.27054108216432865,-0.5306283953173057,-0.571900098257154,1.1025284935741588
0.280561122244489,-0.1472138818495048,1.0201349946624205,-0.8729211128135269
0.2905811623246493,0.7675283665970843,-1.0695814436873474,0.30205307708935525
0.3006012024048096,-1.0877789097061408,0.700913976111335,0.3868649335941448
0.3106212424849699,0.9828522445081213,-0.05830177075334836,-0.924550473757477
0.32064128256513025,-0.4937402499365441,-0.6071010337821131,1.1008412837167296
0.3306613226452906,-0.1883852192265178,1.0352302919059209,-0.8468450726810023
0.3406813627254509,0.7968859037410263,-1.0586668405699378,0.2617809368289635
0.3507014028056112,-1.0938509200172395,0.6682624087429676,0.4255885112743299
0.3607214428857715,0.9632677170818847,-0.01667256014009677,-0.9465951569411162
0.37074148296593185,-0.45615034753234696,-0.6414388300590342,1.0975891775915212
0.3807615230460922,-0.22928419225906718,1.0488382969789485,-0.8195541047198647
0.3907815631262525,0.8250990963013294,-1.0462339390999855,0.2211348428001844
0.4008016032064128,-1.0983662842850497,0.6346596694005848,0.4637066148856535
0.4108216432865731,0.9423115580430881,0.024980770929003082,-0.9672923289725832
0.42084168336673344,-0.4179106942265971,-0.6748630181439117,1.0927737123701722
0.4308617234468938,-0.2698546046294265,1.0609469688471485,-0.7910923642180089
0.4408817635270541,0.8521333786205338,-1.0323070421918623,0.18017366357257242
0.45090180360721444,-1.1013144516866098,0.6001507879406303,0.5011636637468686
0.4609218436873747,0.9200091655224085,0.06659935595648347,-0.9866085214780804
0.47094188376753504,-0.37907329608380036,-0.7073231298492099,1.0863964259336558
0.48096192384769537,-0.3100402604630597,1.0715442671301159,-0.7615040066665336
0.4909819639278557,0.8779541856071893,-1.016910453171036,0.13895626756371618
0.501002004008016,-0.9934793414583596,0.5217372341458987,0.47174210731237376
0.5110220440881763,0.745207927724701,0.04362585104683289,-0.7888337787709998
0.5210420841683366,-0.32506569288331666,-0.5624664223974528,0.8875321152822204
0.531062124248497,-0.24716605676303888,0.8619116135640692,-0.6147455568002137
0.5410821643286573,0.6965719376341379,-0.8148747030838858,0.11830276545028297
0.5511022044088176,-0.8801503092424463,0.4494952850559443,0.4306550241866488
0.561122244488978,0.7044165301230891,0.09170192977017405,-0.7961184598926706
0.5711422845691383,-0.2576458976805712,-0.5904575928916358,0.8481034905745908
0.5811623246492986,-0.29236365314128376,0.8511891704127853,-0.5588255172700873
0.5911823647294588,0.7187198610849347,-0.7704526903867039,0.05173282930272066
0.6012024048096192,-0.8575380497612626,0.38294135239842697,0.4745966973633486
0.6112224448897795,0.6509670387840494,0.15575093785438437,-0.8067179766395496
0.6212424849699398,-0.18555270211985958,-0.6291920155149237,0.8147447176344434
0.6312625250501002,-0.35304436054767485,0.8480134577988199,-0.49496909725178034
0.6412825651302605,0.7471102168201983,-0.7249545801377594,-0.02215563668299253
0.6513026052104208,-0.8393814315795426,0.3104451352500993,0.528936296329388
0.6613226452905812,0.5927958261432177,0.22799836919109218,-0.820794195334112
0.6713426853707415,-0.10779902058582003,-0.6730428902386275,0.780841910824726
0.6813627254509018,-0.41976267689433416,0.8452692105081159,-0.425506533614872
0.6913827655310621,0.7765175913311059,-0.6754782362945208,-0.10103935503740004
0.7014028056112224,-0.8185982294772542,0.23275609978263687,0.5858421296921633
0.7114228456913827,0.5292854840547122,0.3034859723586425,-0.8327714564147366
0.721442885771543,-0.02603512973391514,-0.7160940589614335,0.7421291886965089
0.7314629258517034,-0.4871960501639592,0.8381218834928479,-0.3509258333280858
0.7414829659318637,0.8023882409761396,-0.6202749041447011,-0.18211333683092756
0.751503006012024,-0.7919520763787056,0.15113735528913957,0.6408147210935454
0.7615230460921844,0.46030489668497043,0.3789181279119375,-0.8392230245954039
0.7715430861723447,0.05786150346066274,-0.7548493052993892,0.6969878018401798
0.781563126252505,-0.5522105821625739,0.824192569922353,-0.27198198775815907
0.7915831663326653,0.8221306267178522,-0.5589436322615907,-0.2631869944546003
0.8016032064128256,-0.7581064480202127,0.06688314609229049,0.6912233019288246
0.8116232464929859,0.3862728402727916,0.45212429700284545,-0.8383971372746571
0.8216432865731462,0.14230591995154165,-0.7872840419740432,0.64497812202436
0.8316633266533066,-0.612897922801553,0.802538665500315,-0.1896407426977932
0.8416833667334669,0.8343188441585989,-0.4917284675423199,-0.34259037661595115
0.8517034068136272,-0.7167041863502103,-0.018761595267198977,0.7354657816172019
0.8617234468937875,0.30788933715439604,0.5214966234709859,-0.8293859606264485
0.8717434869739479,0.22595536992955811,-0.8122028190785884,0.5862474491478952
0.8817635270541082,-0.6678815353106536,0.7727592794287605,-0.10487774411858605
0.8917835671342685,0.8382554007312525,-0.4192140448444682,-0.4190413558869951
0.9018036072144289,-0.6678484520808375,-0.1046614612854484,0.7725099133666457
0.9118236472945891,0.22601500562883287,0.5858957738404915,-0.8119107794697351
0.9218436873747494,0.3076417152623261,-0.8288959018886081,0.5212541866259529
0.9318637274549098,-0.7161781809503986,0.73489139477817,-0.018713213828293287
0.9418837675350701,0.8334864342627606,-0.34209520435331164,-0.4913912299076532
0.9519038076152304,-0.6119041133003956,-0.1897466455943288,0.8016507588963682
0.9619238476953907,0.14154432443458317,0.644384616498582,-0.7859289409309516
0.9719438877755511,0.3863258507876075,-0.8369696661567013,0.4506438153703633
0.9819639278557114,-0.7570593005455634,0.6892085658231318,0.0678507347269039
0.9919839679358717,0.8199198174762455,-0.2612058989497965,-0.5587139185228267
1.002004008016032,-0.5493642439755,-0.2729922151560751,0.8223564591334747
1.0120240480961924,0.05541757528738056,0.6961379075872949,-0.7515554828730701
1.0220440881763526,0.4610377050795458,-0.8361666758028047,0.3751289707232962
1.032064128256513,-0.7899751166389719,0.6361451350099396,0.15382998162952843
1.0420841683366733,0.797630448322075,-0.177419454959947,-0.6202109933617348
1.0521042084168337,-0.48089430468582056,-0.3534468096015302,0.8343411142818342
1.062124248496994,-0.03140682834117825,0.7405325972151217,-0.709125768876809
1.0721442885771542,0.5309080980453296,-0.8264304240728927,0.2955223260251181
1.0821643286573146,-0.8144830190820121,0.5762243783646639,0.23825864071552477
1.0921843687374748,0.7667870018693168,-0.09165000184051908,-0.6751370000301388
1.1022044088176353,-0.4072132800024455,-0.4301989044355915,0.837412184435579
1.1122244488977955,-0.11797141385039864,0.7770501437176168,-0.6590787298689462
1.122244488977956,0.595138337843639,-0.8078212729733216,0.21268293512762557
1.1322645290581161,-0.830259131141493,0.5100622802243288,0.3201968509156508
1.1422845691382766,0.7276506957858855,-0.004833757809281886,-0.7228169379802334
1.1523046092184368,-0.32910141318980946,-0.5023640324909587,0.8314654456774976
1.1623246492985972,-0.20331669117985637,0.805201117765882,-0.601884426590139
1.1723446893787575,0.6530342660803364,-0.780541010396606,0.12750674431324988
1.1823647294589177,-0.8371205868197895,0.4383825611313701,0.3987380256866011
1.1923847695390781,0.6806845991300385,0.08207568887745104,-0.7627602880081091
1.2024048096192383,-0.24740165765668862,-0.5691343133632998,0.8165359710197369
1.2124248496993988,-0.28651324829601993,0.82469713615077,-0.5381838878515876
1.222444889779559,0.7038862140650435,-0.7448006247379081,0.04091441067536451
1.2324649298597194,-0.8349341979509644,0.3619405437795481,0.4729936541734599
1.2424849699398797,0.6263611026981221,0.16813557092621767,-0.7944966736244019
1.25250501002004,-0.16301059231890153,-0.6298083988046087,0.7928189911211583
1.2625250501002003,-0.3666446273395873,0.8352998628526829,-0.4686552355144922
1.2725450901803608,0.7471530147781742,-0.7010121326627536,-0.04614088211638434
1.282565130260521,-0.8237320695155271,0.2815672032303286,0.5421648662828711
1.2925851703406812,0.5652482850330425,0.25240554568053797,-0.8176538307164356
1.3026052104208417,-0.0768272276181157,-0.6836975127390221,0.7605247403542242
1.3126252505010019,-0.44284911975110236,0.8368967221260591,-0.39404760237735104
1.3226452905811623,0.7823715437854678,-0.649644509812461,-0.13272703397481492
1.3326653306613225,-0.8036555740178216,0.19814017551488922,0.6055153985042054
1.342685370741483,0.4980063415168312,0.33395789235118556,-0.8319642338669304
1.3527054108216432,0.010197189303665866,-0.7301990320693139,0.7200018427675079
1.3627254509018036,-0.514249702806453,0.8294057829843408,-0.3151560801780072
1.3727454909819639,0.8091272381372514,-0.5912372043044111,-0.21789003383271469
1.3827655310621243,-0.7748687887997251,0.11254568939243666,0.6623230994088664
1.3927855711422845,0.4253858480602765,0.4119378321348637,-0.8373236801938584
1.4028056112224447,0.0971263147572238,-0.768817868935022,0.6716915541807431
1.4128256513026052,-0.5801167670438255,0.8129694378736435,-0.2328526708267121
1.4228456913827654,0.827121555136667,-0.5264171043645625,-0.3007044507707295
1.4328657314629258,-0.7376846536795975,0.025725817438622872,0.7119588362440082
1.442885771543086,0.34814050917221273,0.48544356678091144,-0.833584075949065
1.4529058116232465,0.18301894514235725,-0.7991360078893576,0.6161170627494144
1.4629258517034067,-0.6397234370104773,0.7877437441489936,-0.14802030713876413
1.4729458917835672,0.8361929197771915,-0.4559077563184382,-0.3802851634613749
1.4829659318637274,-0.6925075801900294,-0.061379575943844245,0.7538871561345133
1.4929859719438878,0.26711872023209265,0.5537001685741,-0.8208188887997232
1.503006012024048,0.26693191643195957,-0.8207793979839133,0.5538474815563887
1.5130260521042083,-0.6923912760668024,0.7539669013834264,-0.06157562530996949
1.5230460921843687,0.8361933158716292,-0.38044960917570975,-0.45574370669164954
1.533066132264529,-0.6398417071751911,-0.14782716081629993,0.7876688679949273
1.5430861723446894,0.18320549521830054,0.6159699235662133,-0.7991754187824694
1.5531062124248496,0.34796647935564995,-0.8335504510934314,0.48558397173906764
1.56312625250501,-0.7375700607453917,0.7120286521828704,0.025541408562483853
1.5731462925851702,0.8271372923790367,-0.3008699142086032,-0.5262673781711145
1.5831663326653307,-0.5802461181948764,-0.2326808408621367,0.8129269590560771
1.593186372745491,0.09729637611967264,0.6715947600576743,-0.7688911361828236
1.6032064128256511,0.42524139645721637,-0.8373053630007217,0.4120639665414749
1.6132264529058116,-0.7747871975262455,0.6623991891261604,0.11238800839943208
1.6232464929859718,0.8091369149781029,-0.21803443072426487,-0.5911024842553233
1.6332665330661322,-0.5143550093233928,-0.31501846668742145,0.8293734760059819
1.6432865731462925,0.010331038514563545,0.7199166391926664,-0.7302476777099263
1.653306613226453,0.4978924640594409,-0.8319552094370792,0.33406274537571734
1.6633266533066131,-0.8035828707002006,0.6055667167921628,0.19801615390630217
1.6733466933867736,0.7823710421466934,-0.13282823600644367,-0.6495428061416885
1.6833667334669338,-0.4428994421260222,-0.39394932562901763,0.8368487677550206
1.6933867735470942,-0.07674918172102645,0.7604747855949077,-0.6837256038737901
1.7034068136272544,0.5651579895391217,-0.8176082040592673,0.2524502145227676
1.7134268537074147,-0.8236850042743443,0.5421770618320492,0.2815079424460729
1.723446893787575,0.7471129538761717,-0.04617565409334198,-0.7009372997798519
1.7334669338677353,-0.3666417304002077,-0.468625247940944,0.8352669783412211
1.7434869739478958,-0.16299515646297622,0.7927680414185252,-0.6297728849549696
1.753507014028056,0.626335317517353,-0.7944412349325919,0.16810591741289466
1.7635270541082164,-0.8348504237856326,0.47290988017070346,0.3619405436128249
1.7735470941883766,0.7037730135612505,0.0409730469980335,-0.7447460605604111
1.783567134268537,-0.28640233071329446,-0.5381872556969919,0.82458958641028
1.7935871743486973,-0.24747989537534115,0.8164816015630699,-0.5690017061886701
1.8036072144288577,0.6807046968759131,-0.7626349261618592,0.08193022928454179
1.813627254509018,-0.8370120676848888,0.39853313354984904,0.4384789341347849
1.8236472945891782,0.6528135497759491,0.12768100714260067,-0.7804945569194125
1.8336673346693386,-0.20306858325335708,-0.6019497237312851,0.8050183069822664
1.8436873747494988,-0.3292856574660382,0.831351381601474,-0.5020657241376907
1.8537074148296593,0.7276927453254411,-0.7225621589666972,-0.0051305863603920004
1.8637274549098195,-0.8300690682074463,0.3198287010370294,0.5102403671686123
1.87374749498998,0.5947775752835147,0.2130069509911848,-0.8077845262765906
1.8837675350701402,-0.1175313522879323,-0.6591884306815281,0.7767197829675634
1.8937875751503006,-0.4075287013835322,0.8372206719408632,-0.4296919705607841
1.9038076152304608,0.7668045401663786,-0.6746693325852777,-0.09213520758564103
1.9138276553106213,-0.8141449632198388,0.2376591979340193,0.5764857652822548
1.9238476953907815,0.5302941868561314,0.29602727615363056,-0.8263214630129293
1.9338677354709417,-0.030720274044617857,-0.7092790763881773,0.739999350432255
1.9438877755511021,-0.48134381549721494,0.8340020712242467,-0.35265825572712295
1.9539078156312624,0.7976209480488073,-0.6194718845619159,-0.17814906348628187
1.9639278557114228,-0.7894146048154072,0.15291683599713152,0.6364977688176717
1.973947895791583,0.4600693318991501,0.3758507799928489,-0.8359201118914265
1.9839679358717435,0.056423459422118044,-0.7516907183028457,0.6952672588823761
1.9939879759519037,-0.5499486657158205,0.8217573076224569,-0.27180864190475595
2.004008016032064,0.819772796841759,-0.5575506378868099,-0.26222215895384793
2.0140280561122244,-0.7561158944568402,0.06651358872335886,0.689602305725986
2.024048096192385,0.38485595816534934,0.45158930627450095,-0.836445264444969
2.034068136272545,0.14295979416146565,-0.7859792740336832,0.6430194798683176
2.0440881763527052,-0.6125956668877623,0.8006122809635801,-0.18801661407701245
2.0541082164328657,0.8330542856822344,-0.4895890576124222,-0.3434652280707311
2.064128256513026,-0.7146055453730329,-0.020609544038360544,0.7352150894098695
2.074148296593186,0.3054653921664622,0.5224172297976336,-0.8278826219651113
2.0841683366733466,0.22794139677027697,-0.8117199548008167,0.5837785580285293
2.094188376753507,-0.6686265175660584,0.7708095546644216,-0.10218303709945503
2.1042084168336674,0.8373155818186658,-0.41632991774071604,-0.4209856640783557
2.1142284569138274,-0.6653775304316747,-0.10750733055369271,0.7728848609847678
2.124248496993988,0.22277026935961974,0.58759943218718,-0.8103697015464686
2.1342685370741483,0.3104608814530512,-0.8286788386039605,0.5182179571469421
2.1442885771543083,-0.717381604721892,0.732624648927394,-0.015243044208428203
2.1543086172344688,0.8325111590674995,-0.3385616583938199,-0.4939495006748297
2.164328657314629,-0.6089386578050217,-0.19324288177707083,0.8021815395814708
2.1743486973947896,0.13766543767995837,0.6464435009404547,-0.7841089386199749
2.1843687374749496,0.389605161876467,-0.836646808418648,0.44704164654310286
2.19438877755511,-0.7583825433680992,0.6865194349787762,0.07186310839032933
2.2044088176352705,0.8186504003070851,-0.2571182138251711,-0.5615321864804363
2.214428857715431,-0.5458963984647244,-0.2768842829187713,0.8227806813857589
2.224448897795591,0.05106333913267047,0.6982561047355188,-0.7493194438669545
2.2344689378757514,0.4645458643710412,-0.835572867652161,0.3710270032818918
2.244488977955912,-0.7911713538523935,0.6329798848208935,0.158191469031551
2.254509018036072,0.7959484609701715,-0.17289531898717325,-0.6230531419808819
2.2645290581162323,-0.4769444155196857,-0.35752738022851527,0.8344717957496156
2.2745490981963927,-0.036089468358184607,0.7425010410221096,-0.7064115726628707
2.284569138276553,0.5344317524512731,-0.8254218796945466,0.29099012724773843
2.294589178356713,-0.815369891070823,0.5725670502863034,0.2428028407890639
2.3046092184368736,0.7646132067806143,-0.08679092975830976,-0.6778222770167527
2.314629258517034,-0.40282114477371134,-0.4343043095574719,0.8371254543303052
2.3246492985971945,-0.12284996178002278,0.7787147320810112,-0.6558647703031834
2.3346693386773545,0.5985522435408851,-0.8063585128797411,0.2078062693385434
2.344689378757515,-0.8307547109828911,0.5059625090303185,0.3247922019533045
2.3547094188376754,0.7249972115402229,0.0002481402772077368,-0.7252453518192673
2.3647294589178354,-0.32432748524010985,-0.5063484289774267,0.8306759142154027
2.374749498997996,-0.20828919468411325,0.8064996915792266,-0.598210496896558
2.3847695390781563,0.656183518236659,-0.7785449406497584,0.1223614224107725
2.3947895791583167,-0.8371422368091094,0.4338746488905586,0.4032675879165827
2.4048096192384767,0.6775316216939371,0.08728450348382061,-0.7648161251769174
2.414829659318637,-0.24232814635326302,-0.5729236013311798,0.815251747683562
2.4248496993987976,-0.29145423007891824,0.8255115389047311,-0.5340573088276593
2.434869739478958,0.7066899128387536,-0.7422827030067274,0.03559279016731397
2.444889779559118,-0.8344354987365282,0.3570799359118183,0.4773555628225723
2.4549098196392785,0.622731311602105,0.17337771124992352,-0.7961090228524328
2.464929859719439,-0.15770657184745085,-0.6332895338298566,0.7909961056767121
2.474949899799599,-0.371475880430157,0.8356000044212543,-0.464124123991569
2.4849699398797593,0.7495341242813061,-0.6979750917467344,-0.05155903253447491
2.49498997995992,-0.8226815503338987,0.2764180853138804,0.5462634650196665
2.50501002004008,0.5611697703469807,0.2575892923684225,-0.8187590627147544
2.51503006012024,-0.07136846462721519,-0.6868029476201436,0.7581714122451618
2.5250501002004007,-0.4474638838352217,0.8366285328733483,-0.38916464904027903
2.535070140280561,0.7842689405236043,-0.6461170450736039,-0.13815189545001738
2.5450901803607215,-0.80203219816514,0.1927631251164625,0.6092690730486645
2.5551102204408815,0.4935314645155276,0.33901553897860054,-0.8325470034933905
2.565130260521042,0.01573936893148145,-0.7328618076369371,0.717122438705845
2.5751503006012024,-0.5185999467821139,0.8285884819684197,-0.30998853518674296
2.5851703406813624,0.8105079233650386,-0.5872579366753207,-0.22324998669032095
2.595190380761523,-0.7727027404219531,0.10701486413149257,0.6656878762882961
2.6052104208416833,0.4205509102399126,0.41677102501335095,-0.8373219352549814
2.6152304609218437,0.10267728277541394,-0.7709865238471214,0.6683092410705223
2.6252505010020037,-0.5841167719763719,0.8115740296589637,-0.22745725768336364
2.635270541082164,0.8279607769529175,-0.5220286553152691,-0.30593212163826217
2.6452905811623246,-0.7349632739831472,0.02010951199674696,0.7148537619815607
2.655310621242485,0.3430053738858397,0.49000702565466653,-0.8330123995436499
2.665330661322645,0.1885023400219099,-0.8007664296619255,0.6122640896369259
2.6753507014028055,-0.6433341581539063,0.7857965160949264,-0.14246235794508516
2.685370741482966,0.8364572830787232,-0.4511527770627763,-0.3853045060188658
2.695390781563126,-0.6892901607778823,-0.06701403235371534,0.7563041931295689
2.7054108216432864,0.26174244171313066,0.5579089960448042,-0.8196514377560832
2.715430861723447,0.2722855329206453,-0.8218574607379956,0.5495719278230606
2.7254509018036073,-0.6955534218973756,0.7514717099063892,-0.05591828800452715
2.7354709418837673,0.8358652946318085,-0.3753788639703246,-0.46048643065635697
2.7454909819639277,-0.6361486581609616,-0.15341034788546548,0.7895590060488968
2.755511022044088,0.17764852448765733,0.6197941478828848,-0.7974426724525936
2.7655310621242486,0.3531172618332995,-0.8340447962582092,0.4809275343666174
2.7755511022044086,-0.7402338450920216,0.7090048778941009,0.03122896715726281
2.785571142284569,0.8262173694573478,-0.2955431152324081,-0.5306742542543615
2.7955911823647295,-0.5761011150693102,-0.23814235793858066,0.8142434729871811
2.8056112224448895,0.0916303555428538,0.67495802704054,-0.7665883825987727
2.81563126252505,0.43013600382899664,-0.8372101585617977,0.4070741547239437
2.8256513026052104,-0.7769078900461395,0.658871103572126,0.11803678646658713
2.835671342685371,0.8076524726887714,-0.21250618932752027,-0.595146283366324
2.845691382765531,-0.5098239801649281,-0.32030269242331144,0.8301266725843359
2.8557114228456912,0.0046136678913633045,0.7227973655636593,-0.7274110334574094
2.8657314629258517,0.5024640755092542,-0.8312651840372134,0.3288011085249005
2.875751503006012,-0.8051720678344253,0.6015967856356498,0.20357528219641213
2.885771543086172,0.7803117495110544,-0.12716885048551008,-0.653142899025823
2.8957915831663326,-0.43801557598938773,-0.39898644289892304,0.8370020188890378
2.905811623246493,-0.08244737714220413,0.7628286345025878,-0.6803812573593998
2.915831663326653,0.569368597119846,-0.816343733140686,0.24697513602112361
2.9258517034068134,-0.8246788247825467,0.5377852126470715,0.2868936121362593
2.935871743486974,0.7444930873716789,-0.04044742227816772,-0.7040456650937746
2.9458917835671343,-0.36145858200725867,-0.47333750997404556,0.8347960919800081
2.9559118236472943,-0.16861627684404135,0.7945796151395799,-0.6259633382968991
2.9659318637274548,0.6301154529130893,-0.792591709608603,0.16247625669857252
2.975951903807615,-0.835285207489287,0.46816342708125497,0.3671217804109187
2.9859719438877756,0.7006298128766768,0.04670752600742084,-0.7473373388841283
2.9959919839679356,-0.28099042882485925,-0.5425659788244366,0.8235564076480327
3.006012024048096,-0.25295846739928785,0.8177221926283649,-0.5647637252313547
3.0160320641282565,0.6840253037400135,-0.7602331097005587,0.07620780595856805
3.0260521042084165,-0.8368225110299348,0.39346496345748383,0.4433575475721473
3.036072144288577,0.6492001774479726,0.13336280403525702,-0.7825629814839635
3.0460921843687374,-0.19748067986926032,-0.6059132096680493,0.8033938895366746
3.056112224448898,-0.33456470864778143,0.8320043388378261,-0.497439630190307
3.066132264529058,0.7304935545228228,-0.7196133259471086,-0.010880228574273704
3.0761523046092183,-0.8292862250339091,0.3144983318526981,0.5147878931818168
3.0861723446893787,0.5907015984099976,0.2185636938521249,-0.8092652922582653
3.096192384769539,-0.11182733827700432,-0.6627156851468692,0.7745430234219084
3.106212424849699,-0.41253479795950565,0.8372665618012897,-0.42473176384180183
3.1162324649298596,0.7690817628123201,-0.6712263293002365,-0.09785543351174147
3.12625250501002,-0.8127603230586427,0.23212933930149388,0.5806309837591639
3.13627254509018,0.5258119047358011,0.3014014675643307,-0.8272133722966387
3.1462925851703405,-0.02496100725956285,-0.712315690971992,0.7372766982337989
3.156312625250501,-0.48604249381128295,0.8334595275012845,-0.3474170336888781
3.1663326653306614,0.7993292885732395,-0.6155614260649532,-0.18376786250677424
3.1763527054108214,-0.7874477080520067,0.14724308329330663,0.6402046247606331
3.186372745490982,0.45523109052531385,0.3809766888181688,-0.8362077793423408
3.1963927855711423,0.062174066750932316,-0.7541990938887155,0.6920250271404377
3.2064128256513023,-0.5542716509607637,0.8206151539387815,-0.26634350297728177
3.2164328657314627,0.8208961565906683,-0.5532110919259273,-0.26768506466510555
3.226452905811623,-0.7535781353460383,0.060758776662117875,0.6928193586832595
3.2364729458917836,0.3797140486077209,0.4564319188430784,-0.836145967450173
3.2464929859719436,0.14863523198639406,-0.7879253837371712,0.6392901517524711
3.256513026052104,-0.6165372648762754,0.798920082928727,-0.18238281805132908
3.2665330661322645,0.8336013074548221,-0.484886845438767,-0.3487144620179766
3.276553106212425,-0.7115621893752866,-0.026378885085954956,0.7379410744557819
3.286573146292585,0.3000746518265245,0.5269050726850039,-0.8269797245137831
3.2965931863727453,0.23349391546801979,-0.8131152418665629,0.579621326394851
3.306613226452906,-0.6720820452980794,0.7685289288929431,-0.09644688359575317
3.316633266533066,0.8372658648560767,-0.411302418528081,-0.4259634463293576
3.3266533066132262,-0.6618400225795757,-0.11323139588904785,0.7750714184718631
3.3366733466933867,0.2171927564025887,0.591696107196252,-0.8088888635977958
3.346693386773547,0.31580789371197404,-0.8294669318502574,0.5136590381381699
3.356713426853707,-0.7203446715669649,0.729808417519229,-0.009463745951940022
3.3667334669338675,0.8318387658819616,-0.3332581203921821,-0.49858064548962966
3.376753507014028,-0.6049403182803034,-0.19885763050946806,0.8037979487882687
3.3867735470941884,0.13196085259490614,0.6500719344303938,-0.7820327870258679
3.3967935871743484,0.39471250453130063,-0.8368501330830318,0.44213762855276406
3.406813627254509,-0.7608099311601584,0.6831901918979417,0.0776197392634192
3.4168336673346693,0.8174062303194807,-0.25160870768359983,-0.5657975226363179
3.4268537074148293,-0.5414880676819819,-0.28233092360284967,0.8238189912844177
3.4368737474949898,0.04528936314266793,0.7014031235666882,-0.7466924867084002
3.44689378757515,0.4693307607016315,-0.8351616908648638,0.36583093016540313
3.4569138276553106,-0.7930297063279141,0.629166541496367,0.16386316483271535
3.4669338677354706,0.7941346691339651,-0.16722805345282246,-0.626906615681697
3.476953907815631,-0.47217092246201076,-0.3627553010252018,0.8349262234894231
3.4869739478957915,-0.04186635149467982,0.7451323191601923,-0.7032659676625523
3.496993987975952,0.5388587460555678,-0.8244076259416993,0.2855488798879991
3.507014028056112,-0.8166590865698299,0.5683274352488121,0.2483316513212274
3.5170340681362724,0.7622449672432369,-0.08103286402515465,-0.6812121032185927
3.527054108216433,-0.3977351729968459,-0.4392354947483876,0.8369706677459571
3.537074148296593,-0.1285700634138365,0.7807963008949365,-0.6522262374818447
3.5470941883767533,0.6025529903346656,-0.8047381248295997,0.20218513449330835
3.5571142284569137,-0.8314265040682697,0.5013211032403875,0.3301054008279076
3.567134268537074,0.7220721251647356,0.006034604241148767,-0.728106729406273
3.577154308617234,-0.3189810409661703,-0.5109526255524675,0.8299336665181962
3.5871743486973946,-0.21388067768505403,0.8080012871922592,-0.5941206095073376
3.597194388777555,0.6597372850203113,-0.7763632901436358,0.11662600512296374
3.6072144288577155,-0.8372132747400653,0.42889647717460067,0.4083167975658762
3.6172344689378755,0.6741054110909535,0.09304136344800862,-0.7671467745392719
3.627254509018036,-0.23677812368004525,-0.5771255806468014,0.8139037043283931
3.6372745490981964,-0.29687483490440136,0.8264441985340166,-0.5295693636294649
3.6472945891783564,0.7097513190952582,-0.7395536043141032,0.029802285218577723
3.657314629258517,-0.8339242694545455,0.3518235306552591,0.48210073879383
3.6673346693386772,0.6188277169967573,0.17903708456780543,-0.7978648015698334
3.6773547094188377,-0.15200239651429187,-0.6370799624345341,0.789082358944157
3.6873747494989977,-0.3766544098455073,0.8359339606590251,-0.4592795508165275
3.697394789579158,0.7520796154389748,-0.6947367515799779,-0.057342863862373195
3.7074148296593186,-0.8215623423919999,0.2709309288585295,0.5506314135300664
3.717434869739479,0.5568438226035441,0.26309754710439315,-0.8199413697108517
3.727454909819639,-0.0655879577321694,-0.6900962521921051,0.7556842099237677
3.7374749498997994,-0.4523496525954478,0.8363630452476056,-0.38401339265170864
3.74749498997996,0.7862652780886696,-0.6423985065205032,-0.1438667715672125
3.75751503006012,-0.8003282731145385,0.18710642303199243,0.6132218500877508
3.7675350701402803,0.48882189092505424,0.3442994757211206,-0.8331213666411217
3.7775551102204408,0.021539691420745494,-0.7356405747157915,0.7141008832949395
3.787575150300601,-0.5231341533909326,0.8277206365268742,-0.30458648313497094
3.797595190380761,0.8119147120413586,-0.5830841637652235,-0.22883054827728674
3.8076152304609217,-0.7704224910822595,0.10125630590071434,0.6691661851776138
3.817635270541082,0.4155091869089814,0.42178489157150956,-0.8372940784830942
3.8276553106212425,0.10843687003842595,-0.773240309093775,0.6648034390544877
3.8376753507014025,-0.588270271734153,0.8101372047947675,-0.22186693306499494
3.847695390781563,0.8287886642259974,-0.5174671800873988,-0.31132148414421684
3.8577154308617234,-0.7321480797879248,0.01430285130707959,0.7178452284821258
3.8677354709418834,0.337684864664723,0.4946704166544046,-0.8323552813173464
3.877755511022044,0.19415091224471304,-0.8024263018317829,0.6082753895874728
3.8877755511022043,-0.6470249759483283,0.7837591051888306,-0.13673412924369718
3.8977955911823647,0.8366866322120906,-0.4462409924243313,-0.39044563979391506
3.9078156312625247,-0.6859563639086169,-0.07279959632242855,0.7587559602276173
3.917835671342685,0.25621004920767454,0.5622155968645663,-0.8184256460751997
3.9278557114228456,0.2777661273946888,-0.8229315593652039,0.5451654319690006
3.937875751503006,-0.6987623940807203,0.7488815226127926,-0.050119128532350565
3.947895791583166,0.8354950111193067,-0.3701746696559529,-0.4653203414697179
3.9579158316633265,-0.6323384243248389,-0.15911553002577122,0.7914539543489837
3.967935871743487,0.17196199282426344,0.6236642269209377,-0.7956262197452718
3.977955911823647,0.3583764618047912,-0.8345228753884355,0.47614641358536286
3.9879759519038074,-0.7429125068782481,0.7058816270905096,0.03703087978802508
3.997995991983968,0.8252444269883243,-0.29009271351488575,-0.5351517134734493
4.008016032064128,-0.5718621610207313,-0.2437078497909871,0.8155700108144988
4.018036072144288,0.08584304786608485,0.6783639275186557,-0.7642069753858659
4.028056112224449,0.4350948619287884,-0.8370636736625425,0.4019688117302245
4.038076152304609,-0.7790401724975837,0.6552518261418816,0.12378834635156571
4.04809619238477,0.8060665979334218,-0.2068766913638149,-0.599189906569519
4.05811623246493,-0.5051894929260321,-0.3256644916621619,0.8308539845881161
4.06813627254509,-0.0012025595081558982,0.7257017762582576,-0.7244992167541985
4.07815631262525,0.5070961806599676,-0.830532266409504,0.32343608574726385
4.0881763527054105,-0.8067159225020483,0.5975150577749955,0.20920086472772143
4.098196392785571,0.778168085295463,-0.121411029966779,-0.6567570553268492
4.108216432865731,-0.43304497483975435,-0.4040910823177436,0.8371360571593438
4.118236472945892,-0.08823498455838502,0.7651809092873977,-0.6769459247280039
4.128256513026052,0.5736009677185139,-0.8150045287429823,0.2414035610255804
4.138276553106213,-0.8256327874335856,0.5332909565763383,0.2923418308566599
4.148296593186372,0.7418189654694312,-0.03463161806138633,-0.7071873474071442
4.158316633266533,-0.356192143774663,-0.478121465038423,0.8343136088149893
4.168336673346693,-0.17431145530551895,0.7963808413464502,-0.6220693860403568
4.1783567134268536,0.6339138160277934,-0.7906688091878125,0.1567549931606485
4.188376753507014,-0.8356431250776891,0.46331170999326365,0.3723314150826353
4.198396793587174,0.6974127858453447,0.05252067893110213,-0.7499334647778294
4.208416833667335,-0.2754929054042799,-0.5469733713751977,0.8224662767793974
4.218436873747494,-0.2584973244120342,0.8189233354001164,-0.5604260109892736
4.228456913827655,0.687351981105933,-0.7577559449750353,0.07040396387008142
4.238476953907815,-0.8365870786547309,0.38830364315714094,0.4482834354998104
4.248496993987976,0.6454943130964733,0.1391103117242098,-0.7846046248176705
4.258517034068136,-0.1918126971173863,-0.6099309637802321,0.8017436609004165
4.268537074148297,-0.33989072868822046,0.8326210481194448,-0.49273031942769996
4.278557114228457,0.7333096714740518,-0.7165994796927679,-0.016710191784098938
4.288577154308617,-0.8284227282823593,0.3090783009731817,0.5193444273058367
4.298597194388777,0.5865437458938353,0.22417966250055438,-0.8107234083978172
4.3086172344689375,-0.10604607581466567,-0.6662536560819857,0.7722997318937178
4.318637274549098,-0.4176021214800535,0.8372926315207524,-0.41969051004320673
4.328657314629258,0.7713444320723328,-0.667704243305945,-0.10364018876913855
4.338677354709419,-0.8113201304384223,0.22651312243369515,0.5848070080057306
4.348697394789579,0.5212506940029102,0.30682698924488605,-0.8280776832527793
4.35871743486974,-0.01913038050571242,-0.7153552547631734,0.7344856352711333
4.368737474949899,-0.49077142212797276,0.832870061970249,-0.3420986398401748
4.37875751503006,0.8010284011871656,-0.6115784303941448,-0.18944997079186582
4.38877755511022,-0.7854206048084211,0.14149560785208398,0.6439249969547518
4.398797595190381,0.4503092195688029,0.386154093689383,-0.8364633132604756
4.408817635270541,0.0679841430424234,-0.7567012956733412,0.6887171526298537
4.4188376753507015,-0.558622909412012,0.8194233190070713,-0.2608004095958758
4.428857715430862,0.82202231907702,-0.5488142512358157,-0.27320806784316093
4.4388777555110215,-0.751001946358956,0.054936161561546654,0.6960657847944228
4.448897795591182,0.3744850952667266,0.4612832867847677,-0.8357683820481726
4.458917835671342,0.1543727996619248,-0.7898651846255588,0.6354923849658367
4.468937875751503,-0.620448355210237,0.7971310542318808,-0.17668269902178532
4.478957915831663,0.8341268868824157,-0.48011122187330735,-0.3540156650071512
4.488977955911824,-0.708450961622758,-0.03221261140281728,0.7406635730243244
4.498997995991984,0.29460819848941866,0.5314189592538351,-0.8260271577413799
4.509018036072144,0.23908373268508093,-0.8144582599048508,0.5753745272208586
4.519038076152304,-0.6755388889109811,0.7661803659109048,-0.09064147699982018
4.529058116232465,0.8371733324666606,-0.40620090755552063,-0.4309724249059207
4.539078156312625,-0.6582286194606307,-0.1190133778662601,0.7772419973271963
4.5490981963927855,0.21154206266170042,0.5957954287906875,-0.8073374914508223
4.559118236472946,0.3212005560514605,-0.8302159834442887,0.5090154273943974
4.569138276553106,-0.723276120708705,0.726901027526329,-0.0036249068180596034
4.579158316633267,0.8311418713424984,-0.32788439598412117,-0.5032574753570599
4.589178356713426,-0.6008761136773036,-0.20452481193417787,0.8054009256126735
4.599198396793587,0.12617675885545315,0.653740849464721,-0.7799176083188755
4.609218436873747,0.39984960516827867,-0.8370038138844074,0.4371542087153096
4.619238476953908,-0.7632131558934876,0.6797766299698726,0.08343652592209944
4.629258517034068,0.8161017984003416,-0.24602063547828878,-0.5700811629272455
4.6392785571142285,-0.5370015186042575,-0.28781985248858866,0.8248213710884742
4.649298597194389,0.03944987953967152,0.704567354377068,-0.7440172339165821
4.6593186372745485,0.4741506014261433,-0.8346978836119322,0.3605472821821053
4.669338677354709,-0.7948714698554572,0.6252806573395778,0.1695908125153357
4.679358717434869,0.7922357651484626,-0.16148778846643613,-0.6307479766804245
4.68937875751503,-0.46731613804500843,-0.36800365909241095,0.8353197971371346
4.69939879759519,-0.04770737608294051,0.7477702501448965,-0.7000628740652993
4.709418837675351,0.5433132734916859,-0.8233508820842984,0.2800376085907942
4.719438877755511,-0.817897608528381,0.5639935511356603,0.253904057392777
4.729458917835671,0.7597881297012729,-0.07520633167686307,-0.684581798029165
4.739478957915831,-0.39256490196281496,-0.44420051594621063,0.8367654179041145
4.749498997995992,-0.1343534499893943,0.7829014817525963,-0.6485480317640526
4.759519038076152,0.6066130982831162,-0.8031130576030109,0.19649995932148476
4.7695390781563125,-0.8320919665546561,0.496614744826473,0.3354772217302211
4.779559118236473,0.7190741167800133,0.011890994651101938,-0.7309651114301595
4.789579158316633,-0.31355355913992755,-0.5155588995184346,0.8291124586595054
4.799599198396794,-0.21953082246227965,0.8094984897213554,-0.5899676672592615
4.809619238476953,0.6633177684371975,-0.7741414551435866,0.1108236867067041
4.819639278557114,-0.8372643747941754,0.42384974938296727,0.41341462541207186
4.829659318637274,0.670594685080457,0.09885599381195587,-0.7694506788904001
4.839679358717435,-0.2311453987688103,-0.5813428260841635,0.8124882248523044
4.849699398797595,-0.3023362071352927,0.8273443326333108,-0.5250081254962677
4.859719438877756,0.7128331439056295,-0.7367801211168734,0.02394697721173354
4.869739478957916,-0.8333437030737176,0.3464884427307564,0.48685526034272397
4.879759519038076,0.6148533812846952,0.18475249880477462,-0.7996058800886876
4.889779559118236,-0.14624013977017852,-0.6408296146249624,0.7870697543957923
4.8997995991983965,-0.381864355661853,0.8362252792165299,-0.45436092355437663
4.909819639278557,0.7546203574235644,-0.6914388564256753,-0.0631815009975295
4.919839679358717,-0.8203886789688284,0.2653716095759846,0.5550170693904659
4.929859719438878,0.5524389497135457,0.26864549040008356,-0.821084440115415
4.939879759519038,-0.059740981155992134,-0.6933910146231387,0.7531319957774223
4.949899799599198,-0.45726852988642175,0.8360581294880296,-0.37878959959993386
4.959919839679358,0.7882408055917809,-0.6386050442366894,-0.14963576135047818
4.969939879759519,-0.798562991784204,0.18138404767999405,0.6171789441050761
4.979959919839679,0.48403662107808015,0.3496259669162044,-0.8336625879939555
4.98997995991984,0.027400149383644545,-0.7384112123853307,0.7110110630036541
5.0,-0.5276929087510882,0.8268054834126032,-0.2991125746610843
