time,i_bus_d,i_bus_q,p,q
0.0,0.0,0.0,0.0,0.0
0.002004008016032064,-4.619386081067618e-22,4.737889168708011e-22,2.1893160770460963e-44,2.1893160770460963e-44
0.004008016032064128,-5.360888288127591e-24,3.1080996946203293e-22,4.831578812011381e-45,4.831578812011381e-45
0.0060120240480961915,9.827689440335565e-23,1.0801172949198698e-22,1.0662440840709245e-45,1.0662440840709245e-45
0.008016032064128256,6.839513142674555e-23,5.2777226186740404e-24,2.3528741794607307e-46,2.3528741794607307e-46
0.01002004008016032,2.5087714439644133e-23,-2.0229193166439768e-23,5.193068359851311e-47,5.193068359851311e-47
0.012024048096192383,2.062799950761736e-24,-1.500294547022702e-23,1.1467175820973402e-47,1.1467175820973402e-47
0.014028056112224447,-4.129534389510139e-24,-5.8055439201750865e-24,2.5378697241614396e-48,2.5378697241614396e-48
0.01603206412825651,-3.2840772626520858e-24,-6.519015726014522e-25,5.605069563714331e-49,5.605069563714331e-49
0.018036072144288574,-1.3349419598653855e-24,8.307559307081133e-25,1.2361127263079702e-49,1.2361127263079702e-49
0.02004008016032064,-1.8898593962322952e-25,7.1063961189484e-25,2.703621716846619e-50,2.703621716846619e-50
0.022044088176352703,1.6438938523967516e-25,2.975102195869652e-25,5.776810036908129e-51,5.776810036908129e-51
0.024048096192384766,1.5062351739023623e-25,4.9045327454859915e-26,1.2546444068080615e-51,1.2546444068080615e-51
0.026052104208416832,6.757722418043885e-26,-2.558832605505135e-26,2.6107218291164553e-52,2.6107218291164553e-52
0.028056112224448895,1.0520999496177144e-26,-2.9566600900155433e-26,4.924376595938159e-53,4.924376595938159e-53
0.03006012024048096,-5.799127281679028e-27,-1.2930613237860537e-26,1.0041531796812409e-53,1.0041531796812409e-53
0.03206412825651302,-4.964642656904428e-27,-1.9865660668840038e-27,1.429706072442502e-54,1.429706072442502e-54
0.03406813627254509,-3.262724196517636e-27,1.2132836368700437e-27,6.058713183019126e-55,6.058713183019126e-55
0.03607214428857715,-2.132987914862244e-27,3.4255600043599794e-28,2.3334910291915456e-55,2.3334910291915456e-55
0.038076152304609215,2.0447226664817837e-28,3.902383872516131e-27,7.635204398151117e-55,7.635204398151117e-55
0.04008016032064128,2.1773619577780426e-27,-1.0597157913974696e-27,2.931951326858098e-55,2.931951326858098e-55
0.04208416833667334,-5.085820959359814e-27,-6.5218501472316e-27,3.420005208680421e-54,3.420005208680421e-54
0.044088176352705406,-2.8189696857582116e-27,-7.364995376683469e-27,3.1094873493896317e-54,3.1094873493896317e-54
0.04609218436873747,-5.812585948466431e-27,-2.397719277268113e-27,1.9767606570446263e-54,1.9767606570446263e-54
0.04809619238476953,1.8419083332886774e-27,3.6737299677851116e-27,8.444459092220337e-55,8.444459092220337e-55
0.0501002004008016,-9.2232533391683e-28,-8.777120100428738e-28,8.105311970791469e-56,8.105311970791469e-56
0.052104208416833664,-3.949606628550027e-27,6.596445871417675e-27,2.95562453274148e-54,2.95562453274148e-54
0.05410821643286573,4.633670303078109e-27,6.048625390262352e-27,2.902838479467719e-54,2.902838479467719e-54
0.05611222444889779,2.1184150329147393e-27,-3.581398182055238e-27,8.657047595053862e-55,8.657047595053862e-55
0.058116232464929855,5.540733642326135e-27,-1.3192267758712723e-28,1.5358566444033197e-54,1.5358566444033197e-54
0.06012024048096192,3.904631512689599e-27,-6.227465223709982e-27,2.7013735181202946e-54,2.7013735181202946e-54
0.06212424849699398,-2.265026103452408e-28,-2.7914852989244044e-27,3.92184680330214e-55,3.92184680330214e-55
0.06412825651302605,1.849532092755006e-27,5.752450987428789e-28,1.8758379428792084e-55,1.8758379428792084e-55
0.06613226452905811,1.4992079721440812e-27,-5.043412519880899e-27,1.3841817194715884e-54,1.3841817194715884e-54
0.06813627254509018,-3.798593354013136e-27,-3.686181742962903e-27,1.4008623655652898e-54,1.4008623655652898e-54
0.07014028056112225,-8.783624761639265e-28,4.018079296324975e-27,8.458240935544116e-55,8.458240935544116e-55
0.0721442885771543,-1.3801399816556334e-27,5.1433108800458326e-27,1.4179216588881124e-54,1.4179216588881124e-54
0.07414829659318636,2.8647033364198237e-27,5.166069712329675e-27,1.7447400739172444e-54,1.7447400739172444e-54
0.07615230460921843,5.162654066806824e-27,2.8591486626079623e-27,1.7413864044204972e-54,1.7413864044204972e-54
0.0781563126252505,3.916630209514108e-27,-1.3076377784736489e-27,8.524954378885013e-55,8.524954378885013e-55
0.08016032064128256,-3.576498391662538e-28,1.1502075724424671e-27,7.254454335798203e-56,7.254454335798203e-56
0.08216432865731463,1.3164336078773763e-27,-2.6636252735012692e-27,4.4139485207918785e-55,4.4139485207918785e-55
0.08416833667334668,-6.56875034937872e-28,-2.026883301443566e-27,2.2698703645977006e-55,2.2698703645977006e-55
0.08617234468937875,-2.268649458806273e-27,-4.8100566468766e-27,1.414170765655188e-54,1.414170765655188e-54
0.08817635270541081,-1.920936271624133e-28,-1.0005333317341354e-27,5.189834547537109e-56,5.189834547537109e-56
0.09018036072144288,1.3477215685551932e-27,-2.2537695781966738e-28,9.33574099732459e-56,9.33574099732459e-56
0.09218436873747494,-1.5803636866743374e-27,-2.0682973051509585e-27,3.3877015623268105e-55,3.3877015623268105e-55
0.09418837675350701,-8.31624864482462e-28,-1.74391283674875e-27,1.8664159487012733e-55,1.8664159487012733e-55
0.09619238476953906,-2.2305037619801266e-27,-3.4682359851978565e-27,8.501903940614423e-55,8.501903940614423e-55
0.09819639278557113,-3.713025165536225e-27,2.445828379961796e-27,9.884316172065927e-55,9.884316172065927e-55
0.1002004008016032,-1.3048612768901546,0.049721709869007584,0.08525676001798514,0.08525676001798514
0.10220440881763526,-9.488086978550944,3.6113895599921086,5.1532964533284,5.1532964533284
0.10420841683366733,-11.258324527943577,7.748709386252344,9.339618416454556,9.339618416454556
0.1062124248496994,-10.474383686908544,9.880253429091432,10.366606072182442,10.366606072182442
0.10821643286573146,-9.44567170639491,10.392117686056459,9.860841199291839,9.860841199291839
0.11022044088176351,-8.888743257403332,10.223037103474462,9.176012215752436,9.176012215752436
0.11222444889779558,-8.741914008746626,9.967260172626519,8.788366794257367,8.788366794257367
0.11422845691382764,-8.776441683260144,9.821862862526647,8.674745935497315,8.674745935497315
0.11623246492985971,-8.839746924364862,9.780083337867952,8.689557789123018,8.689557789123018
0.11823647294589178,-8.877920710543306,9.786546940504772,8.729698858069852,8.729698858069852
0.12024048096192384,-8.890229849168096,9.802171487633249,8.75593763220048,8.75593763220048
0.1222444889779559,-8.889889718032604,9.812294530443156,8.765563157547325,8.765563157547325
0.12424849699398796,-8.886806014839864,9.816075282836795,8.766532755185674,8.766532755185674
0.12625250501002003,-8.884888343105283,9.816616828550195,8.765360341401152,8.765360341401152
0.1282565130260521,-8.88448370402287,9.816402074316974,8.764790018585126,8.764790018585126
0.13026052104208416,-8.884849645146483,9.816454693776038,8.76516679859086,8.76516679859086
0.13226452905811623,-8.885351184988284,9.816885983356572,8.766035804539772,8.766035804539772
0.1342685370741483,-8.88571408941485,9.817511882813037,8.76697272240004,8.76697272240004
0.13627254509018036,-8.885902119975658,9.818165603565202,8.767781615240938,8.767781615240938
0.13827655310621242,-8.885960500510391,9.81876956775236,8.768426492062538,8.768426492062538
0.1402805611222445,-8.885936341428499,9.81930928252533,8.76893497249039,8.76893497249039
0.14228456913827653,-8.885856754904252,9.819794272241985,8.7693404908917,8.7693404908917
0.1442885771543086,-8.885731708895301,9.820235784149435,8.769662942937826,8.769662942937826
0.14629258517034066,-8.885565843778581,9.820641125470463,8.769913623970316,8.769913623970316
0.14829659318637273,-8.885362758011048,9.821014106377788,8.77009947095606,8.77009947095606
0.1503006012024048,-8.885126930974831,9.821357263106313,8.770226953455268,8.770226953455268
0.15230460921843686,-8.884864164751628,9.821673022915945,8.770303609758125,8.770303609758125
0.15430861723446893,-8.88457858859572,9.821963632634628,8.770335314886536,8.770335314886536
0.156312625250501,-8.884274942313949,9.822231779205142,8.770328918752746,8.770328918752746
0.15831663326653306,-8.88395735026006,9.822480137701907,8.770290712839412,8.770290712839412
0.16032064128256512,-8.883629393158861,9.822711190390029,8.77022631624048,8.77022631624048
0.1623246492985972,-8.883294202225358,9.822927173331939,8.770140706793683,8.770140706793683
0.16432865731462926,-8.882954525442859,9.823130082649454,8.77003828608692,8.77003828608692
0.16633266533066132,-8.882612765470887,9.823321694587575,8.769922932833063,8.769922932833063
0.16833667334669336,-8.882271095924155,9.823503588803662,8.769798129036406,8.769798129036406
0.17034068136272543,-8.881931117157405,9.823677129663002,8.769666635889648,8.769666635889648
0.1723446893787575,-8.881594427659826,9.823843546602282,8.76953108027787,8.76953108027787
0.17434869739478956,-8.881262457267452,9.824003897623511,8.769393770769511,8.769393770769511
0.17635270541082163,-8.880936098940277,9.824159069841391,8.769256371150371,8.769256371150371
0.1783567134268537,-8.880616254719087,9.824309832792535,8.769120437714248,8.769120437714248
0.18036072144288576,-8.880303634852787,9.824456844803887,8.768987247129678,8.768987247129678
0.18236472945891782,-8.879998790002267,9.82460065599077,8.7688578280068,8.7688578280068
0.1843687374749499,-8.879702136541972,9.824741719438672,8.768732994369342,8.768732994369342
0.18637274549098196,-8.879413976461702,9.824880404557799,8.768613376462362,8.768613376462362
0.18837675350701402,-8.879134513201086,9.825017009306213,8.768499446833756,8.768499446833756
0.1903807615230461,-8.878863865117973,9.825151770551493,8.76839154248344,8.76839154248344
0.19238476953907813,-8.878602077517952,9.825284872852947,8.768289884180954,8.768289884180954
0.1943887775551102,-8.878349133567488,9.825416456138294,8.768194593703589,8.768194593703589
0.19639278557114226,-8.878104964137025,9.8255466225043,8.768105709262008,8.768105709262008
0.19839679358717432,-8.87786945655874,9.825675442301067,8.768023199256843,8.768023199256843
0.2004008016032064,-8.87764246236354,9.825802959516004,8.767946974439681,8.767946974439681
0.20240480961923846,-8.877417532868114,9.825913973053888,8.767856372936492,8.767856372936492
0.20440881763527052,-8.87717900299837,9.825998211904787,8.767727395581561,8.767727395581561
0.2064128256513026,-8.877008873331445,9.826175686699154,8.76775075815414,8.76775075815414
0.20841683366733466,-8.876824212201404,9.82629806669287,8.767707089490855,8.767707089490855
0.21042084168336672,-8.876636996509207,9.826419080716885,8.767659815883645,8.767659815883645
0.2124248496993988,-8.876461504884636,9.826540168197806,8.76762302624519,8.76762302624519
0.21442885771543085,-8.876294108039726,9.826661988921298,8.767594146846573,8.767594146846573
0.21643286573146292,-8.876133050395579,9.826783558396329,8.767570651594658,8.767570651594658
0.21843687374749496,-8.875977851978435,9.826903960726632,8.767551214107824,8.767551214107824
0.22044088176352702,-8.8758284794093,9.82702275241923,8.767535368622921,8.767535368622921
0.2224448897795591,-8.875684902387295,9.827139819027945,8.767522975459519,8.767522975459519
0.22444889779559116,-8.875546981561266,9.82725516823964,8.7675139181797,8.7675139181797
0.22645290581162322,-8.875414499770919,9.827368814838005,8.76750801827972,8.76750801827972
0.2284569138276553,-8.875289556159494,9.827483716127157,8.767510044820911,8.767510044820911
0.23046092184368736,-8.87516705812676,9.827595833516218,8.767511508830188,8.767511508830188
0.23246492985971942,-8.875046398229443,9.827701937948236,8.767508697593845,8.767508697593845
0.2344689378757515,-8.874932995156371,9.827806618971099,8.76751093042037,8.76751093042037
0.23647294589178355,-8.874824791761098,9.827910576909396,8.76751706960925,8.76751706960925
0.23847695390781562,-8.874720654392009,9.82801339840137,8.76752570263245,8.76752570263245
0.24048096192384769,-8.8746201894172,9.828114593857153,8.767535998819966,8.767535998819966
0.24248496993987975,-8.87452330423157,9.828213903547208,8.767547620561393,8.767547620561393
0.2444889779559118,-8.874429946948736,9.828311257104756,8.767560452491631,8.767560452491631
0.24649298597194386,-8.87434001869224,9.828406666279292,8.767574418256292,8.767574418256292
0.24849699398797592,-8.874253381430174,9.828500156419496,8.767589420128147,8.767589420128147
0.250501002004008,-8.874169883351211,9.828591743389092,8.767605338839694,8.767605338839694
0.25250501002004005,-8.874089375868458,9.828681434017973,8.767622049115552,8.767622049115552
0.2545090180360721,-8.874011721146172,9.828769232188936,8.767639432333176,8.767639432333176
0.2565130260521042,-8.873936789283878,9.82885514312671,8.767657378238713,8.767657378238713
0.25851703406813625,-8.873864475672027,9.828939206690091,8.76767583307018,8.76767583307018
0.2605210420841683,-8.873794578452415,9.829021279707069,8.767694476875294,8.767694476875294
0.2625250501002004,-8.873727094638417,9.829101542431172,8.76771348407714,8.76771348407714
0.26452905811623245,-8.873662060872334,9.829180152908469,8.76773304244474,8.76773304244474
0.2665330661322645,-8.873599232560489,9.829256995156998,8.767752820847043,8.767752820847043
0.2685370741482966,-8.873538414989376,9.829331975250474,8.767772554098679,8.767772554098679
0.27054108216432865,-8.873611913435521,9.829532825502614,8.768035197894912,8.768035197894912
0.2725450901803607,-8.87342471257826,9.829479789120123,8.767816952725779,8.767816952725779
0.2745490981963928,-8.873367603466574,9.829548427079114,8.76783374532718,8.76783374532718
0.27655310621242485,-8.873321636112367,9.829622552930259,8.767865819548751,8.767865819548751
0.2785571142284569,-8.873262889452842,9.829681442740116,8.767871578554521,8.767871578554521
0.280561122244489,-8.873213362449937,9.829746292016754,8.76789137704886,8.76789137704886
0.282565130260521,-8.87316518327175,9.829809663827168,8.767910919834799,8.767910919834799
0.28456913827655306,-8.873118442044493,9.82987148200817,8.76793021196738,8.76793021196738
0.2865731462925851,-8.87307312484897,9.829931743265458,8.767949237808748,8.767949237808748
0.2885771543086172,-8.873029204565029,9.82999047995288,8.767968005051408,8.767968005051408
0.29058116232464926,-8.872986638760588,9.830047732355844,8.76798651560091,8.76798651560091
0.2925851703406813,-8.872945378182699,9.830103537547805,8.76800476215618,8.76800476215618
0.2945891783567134,-8.872905373629925,9.830157928194357,8.768022733131659,8.768022733131659
0.29659318637274545,-8.87287030430877,9.830213903671094,8.768046641450645,8.768046641450645
0.2985971943887775,-8.872829308072344,9.83026500842446,8.768060503302095,8.768060503302095
0.3006012024048096,-8.872791738577225,9.83031393093604,8.768075260845974,8.768075260845974
0.30260521042084165,-8.872756418531734,9.830362069985002,8.768091244479796,8.768091244479796
0.3046092184368737,-8.872722398350056,9.830409538402181,8.768107722544569,8.768107722544569
0.3066132264529058,-8.872689278304865,9.830456075464534,8.768124084049182,8.768124084049182
0.30861723446893785,-8.8726569914041,9.830501476711849,8.768140068537294,8.768140068537294
0.3106212424849699,-8.87262557399222,9.83054567331564,8.768155640570283,8.768155640570283
0.312625250501002,-8.872595054086116,9.83058868139415,8.768170840827409,8.768170840827409
0.31462925851703405,-8.872565427859438,9.83063054469043,8.768185708892352,8.768185708892352
0.3166332665330661,-8.87253667080102,9.830671305359783,8.768200264436654,8.768200264436654
0.3186372745490982,-8.872508751891854,9.83071099710217,8.768214513047154,8.768214513047154
0.32064128256513025,-8.872473676813229,9.830740538511382,8.768212434063736,8.768212434063736
0.3226452905811623,-8.872455330057123,9.830787325680301,8.768242151330776,8.768242151330776
0.3246492985971944,-8.872429730064361,9.830823947127692,8.768255439717462,8.768255439717462
0.32665330661322645,-8.872404887749848,9.830859605276764,8.768268453541491,8.768268453541491
0.3286573146292585,-8.87238076414624,9.830894330592718,8.768281188163613,8.768281188163613
0.3306613226452906,-8.872357329416111,9.830928143392603,8.768293637069627,8.768293637069627
0.33266533066132264,-8.872334560930046,9.83096106293078,8.768305799096742,8.768305799096742
0.33466933867735466,-8.872312439342739,9.830993109989386,8.768317677498734,8.768317677498734
0.3366733466933867,-8.872290946233377,9.831024306470171,8.768329277451105,8.768329277451105
0.3386773547094188,-8.87227006335785,9.83105467443956,8.768340604448793,8.768340604448793
0.34068136272545085,-8.872249772684802,9.831084235531009,8.768351663750591,8.768351663750591
0.3426853707414829,-8.872230056597074,9.831113010751055,8.768362460367161,8.768362460367161
0.344689378757515,-8.872210898013758,9.831141020490259,8.768372999180018,8.768372999180018
0.34669338677354705,-8.872192325202894,9.831168332070881,8.768383371445125,8.768383371445125
0.3486973947895791,-8.872174187954915,9.831194855745947,8.768393355652952,8.768393355652952
0.3507014028056112,-8.87215659321083,9.831220664959437,8.768403118878993,8.768403118878993
0.35270541082164325,-8.872139507676156,9.83124579419918,8.768412665481359,8.768412665481359
0.3547094188376753,-8.872122904286181,9.831270260635186,8.768421988320467,8.768421988320467
0.3567134268537074,-8.872106764536383,9.831294077003216,8.768431083492539,8.768431083492539
0.35871743486973945,-8.87209107468169,9.831317256969722,8.768439952231859,8.768439952231859
0.3607214428857715,-8.872075822470581,9.831339815760137,8.768448598630881,8.768448598630881
0.3627254509018036,-8.872060995724125,9.831361769263637,8.7684570274994,8.7684570274994
0.36472945891783565,-8.872046582112725,9.831383133224252,8.768465243371221,8.768465243371221
0.3667334669338677,-8.872032569350145,9.831403922873971,8.768473250315571,8.768473250315571
0.3687374749498998,-8.872018945383935,9.831424152874929,8.7684810520492,8.7684810520492
0.37074148296593185,-8.872004919154977,9.831442858670162,8.768486998440332,8.768486998440332
0.3727454909819639,-8.87199283350945,9.831463033102786,8.768496110455485,8.768496110455485
0.374749498997996,-8.871980281582331,9.831481645819869,8.768503273443933,8.768503273443933
0.37675350701402804,-8.871968096752743,9.831499757515761,8.768510269591548,8.768510269591548
0.3787575150300601,-8.871956252070381,9.831517385928734,8.768517092423485,8.768517092423485
0.3807615230460922,-8.871944729343177,9.831534539258978,8.768523733858121,8.768523733858121
0.38276553106212424,-8.871933516935378,9.831551225002206,8.768530190938188,8.768530190938188
0.38476953907815625,-8.87192260587013,9.83156745235734,8.768536464740084,8.768536464740084
0.3867735470941883,-8.87191198755605,9.831583231753408,8.768542557891776,8.768542557891776
0.3887775551102204,-8.871901748152402,9.831598670866233,8.768548652692417,8.768548652692417
0.39078156312625245,-8.871891863537936,9.831613766641578,8.768554724736342,8.768554724736342
0.3927855711422845,-8.871882229320486,9.83162843239706,8.768560596182544,8.768560596182544
0.3947895791583166,-8.871872839574811,9.831642680719485,8.768566274146512,8.768566274146512
0.39679358717434865,-8.871863730144879,9.831656571357643,8.768571849169007,8.768571849169007
0.3987975951903807,-8.871854769641917,9.831670005860493,8.768577107887745,8.768577107887745
0.4008016032064128,-8.871846069089585,9.831683053112076,8.768582216523576,8.768582216523576
0.40280561122244485,-8.871837604949114,9.831695739306573,8.768587179944413,8.768587179944413
0.4048096192384769,-8.871829360073672,9.831708074304217,8.768591992630197,8.768591992630197
0.406813627254509,-8.871821325455697,9.831720064159079,8.768596652539934,8.768596652539934
0.40881763527054105,-8.871813496368016,9.831731716157124,8.76860116264138,8.76860116264138
0.4108216432865731,-8.871804518720669,9.831741585114706,8.768602900743316,8.768602900743316
0.4128256513026052,-8.871798439629075,9.83175404215021,8.768609754937094,8.768609754937094
0.41482965931863724,-8.871790482589969,9.8317639753221,8.768612461670768,8.768612461670768
0.4168336673346693,-8.871783474501234,9.831774406383342,8.768616499822386,8.768616499822386
0.4188376753507014,-8.871776199535962,9.831784036073763,8.768619513332382,8.768619513332382
0.42084168336673344,-8.871769609059234,9.83179395124884,8.768623414802017,8.768623414802017
0.4228456913827655,-8.871763203200404,9.831803601999365,8.76862722009742,8.76862722009742
0.4248496993987976,-8.871756976102873,9.831812994925242,8.768630930510543,8.768630930510543
0.42685370741482964,-8.871751228540871,9.831822485590354,8.768635162463829,8.768635162463829
0.4288577154308617,-8.871745302838233,9.831831337136967,8.768638608017037,8.768638608017037
0.4308617234468938,-8.871739794807636,9.83184023017783,8.768642464925835,8.768642464925835
0.43286573146292584,-8.871734117659539,9.831848531759194,8.768645590294986,8.768645590294986
0.4348697394789579,-8.871728488363603,9.83185648281638,8.768648413497042,8.768648413497042
0.4368737474949899,-8.871723189378406,9.831864414994728,8.768651511189708,8.768651511189708
0.438877755511022,-8.871717946779503,9.831872028494148,8.768654345594758,8.768654345594758
0.44088176352705405,-8.871713026583798,9.831879642259477,8.76865746629665,8.76865746629665
0.4428857715430861,-8.871708152982373,9.831886947995844,8.768660325493249,8.768660325493249
0.4448897795591182,-8.871703411425894,9.831894054634493,8.768663106093147,8.768663106093147
0.44689378757515025,-8.871698839358384,9.83190101737128,8.768665895582965,8.768665895582965
0.4488977955911823,-8.871694310819608,9.83190772412995,8.768668472021758,8.768668472021758
0.4509018036072144,-8.871689943250614,9.83191425031886,8.768671013739857,8.768671013739857
0.45290581162324645,-8.871685720029006,9.831920621398757,8.768673531022634,8.768673531022634
0.4549098196392785,-8.871681608384456,9.831926821798517,8.768675979487405,8.768675979487405
0.4569138276553106,-8.87167760095873,9.831932851649283,8.768678352734662,8.768678352734662
0.45891783567134264,-8.871673697972364,9.831938713870437,8.768680653829946,8.768680653829946
0.4609218436873747,-8.87166989786512,9.83194441297351,8.768682885824356,8.768682885824356
0.4629258517034068,-8.87166619886576,9.831949953965141,8.76868505206862,8.76868505206862
0.46492985971943884,-8.871662598920908,9.831955341857197,8.768687155668317,8.768687155668317
0.4669338677354709,-8.871659096474822,9.831960582206257,8.768689200706104,8.768689200706104
0.468937875751503,-8.871655687938466,9.83196567858146,8.768691187506736,8.768691187506736
0.47094188376753504,-8.87165244217275,9.831970676912771,8.768693222319115,8.768693222319115
0.4729458917835671,-8.871649158638222,9.831975498758627,8.768695050107812,8.768695050107812
0.4749498997995992,-8.871645997819396,9.831980166092528,8.768696834853088,8.768696834853088
0.47695390781563124,-8.87164294681475,9.83198471313811,8.76869859875747,8.76869859875747
0.4789579158316633,-8.871639984193092,9.831989146496484,8.768700329297914,8.768700329297914
0.48096192384769537,-8.871637103171317,9.831993466331388,8.768702020617454,8.768702020617454
0.48296593186372744,-8.87163429880434,9.831997670628892,8.768703666348676,8.768703666348676
0.4849699398797595,-8.871631571371964,9.83200176183561,8.768705269145116,8.768705269145116
0.48697394789579157,-8.871628919508145,9.832005742894449,8.768706830688135,8.768706830688135
0.4889779559118236,-8.871626341536048,9.832009617000198,8.768708352631034,8.768708352631034
0.49098196392785565,-8.871623836625163,9.832013387879986,8.768709837901353,8.768709837901353
0.4929859719438877,-8.871621400796386,9.832017057873886,8.768711285269575,8.768711285269575
0.4949899799599198,-8.871619031408407,9.832020628513204,8.768712693897852,8.768712693897852
0.49699398797595185,-8.87161676678138,9.832024152671789,8.768714149767895,8.768714149767895
0.4989979959919839,-8.871614487605592,9.832027516494149,8.768715435089577,8.768715435089577
0.501002004008016,-8.87161230253887,9.83203078626648,8.768716711432544,8.768716711432544
0.503006012024048,-8.871610191072982,9.832033978231317,8.768717976572256,8.768717976572256
0.5050100200400801,-8.871608138628707,9.83203709141685,8.768719216618994,8.768719216618994
0.5070140280561122,-8.87160613846004,9.832040122364615,8.768720422187474,8.768720422187474
0.5090180360721442,-8.871604191126153,9.832043070601006,8.76872159330802,8.76872159330802
0.5110220440881763,-8.871602295392208,9.832045937178373,8.768722729919702,8.768722729919702
0.5130260521042084,-8.871600452815015,9.832048726915279,8.768723838141197,8.768723838141197
0.5150300601202404,-8.871598676666844,9.832051457660945,8.768724947296482,8.768724947296482
0.5170340681362725,-8.87159694440618,9.832054109286922,8.768726017597146,8.768726017597146
0.5190380761523046,-8.871595253652279,9.832056682914246,8.768727048033217,8.768727048033217
0.5210420841683366,-8.871594203263559,9.832059766687651,8.76872914815488,8.76872914815488
0.5230460921843687,-8.871592010488312,9.832061652483391,8.768729056939724,8.768729056939724
0.5250501002004008,-8.87159042346877,9.832063988556703,8.768729945842818,8.768729945842818
0.5270541082164328,-8.871588899688392,9.83206626544596,8.768730832659738,8.768730832659738
0.5290581162324649,-8.871587419377079,9.832068487477024,8.76873170410442,8.76873170410442
0.531062124248497,-8.871585977902923,9.83207065352171,8.768732554958328,8.768732554958328
0.533066132264529,-8.871584571874271,9.832072760304335,8.768733378991806,8.768733378991806
0.5350701402805611,-8.871583202894024,9.832074809107068,8.76873417888746,8.76873417888746
0.5370741482965932,-8.87158187092375,9.83207680166718,8.768734956319243,8.768734956319243
0.5390781563126252,-8.871580575585444,9.832078739992674,8.768735712926045,8.768735712926045
0.5410821643286573,-8.87157931623795,9.832080626026533,8.768736450049365,8.768736450049365
0.5430861723446894,-8.871578092119757,9.83208246154815,8.7687371687631,8.7687371687631
0.5450901803607214,-8.871576902439028,9.83208424818499,8.768737869964854,8.768737869964854
0.5470941883767535,-8.871575780375853,9.832086035905398,8.768738632219868,8.768738632219868
0.5490981963927856,-8.87157461893236,9.832087710657074,8.768739248466936,8.768739248466936
0.5511022044088176,-8.871573520060764,9.832089339009611,8.76873987460549,8.76873987460549
0.5531062124248497,-8.871572464861412,9.832090934935835,8.768740507606731,8.768740507606731
0.5551102204408818,-8.871571440606793,9.83209249629732,8.768741134076809,8.768741134076809
0.5571142284569138,-8.871570442030839,9.832094018899603,8.768741745219831,8.768741745219831
0.5591182364729459,-8.871569470727675,9.832095501685792,8.768742341410865,8.768742341410865
0.561122244488978,-8.871568526459457,9.832096944989662,8.768742922767053,8.768742922767053
0.56312625250501,-8.87156760872061,9.832098349669568,8.76874348968379,8.76874348968379
0.565130260521042,-8.871566716687557,9.832099716645793,8.768744042335236,8.768744042335236
0.567134268537074,-8.871565849352143,9.832101046709942,8.768744580605299,8.768744580605299
0.5691382765531061,-8.871565005639763,9.832102340498723,8.768745104166626,8.768745104166626
0.5711422845691382,-8.871564250976114,9.832103644335039,8.768745716607185,8.768745716607185
0.5731462925851702,-8.871563393650948,9.832104861875257,8.76874615312393,8.76874615312393
0.5751503006012023,-8.871562594457687,9.832106027053833,8.768746589730457,8.768746589730457
0.5771543086172344,-8.871561856312438,9.83210718739282,8.768747075737968,8.768747075737968
0.5791583166332664,-8.871561137200457,9.832108320526261,8.768747551882361,8.768747551882361
0.5811623246492985,-8.871560432021324,9.832109422634064,8.768748009882797,8.768748009882797
0.5831663326653306,-8.871559739908689,9.832110491823885,8.768748447110102,8.768748447110102
0.5851703406813626,-8.871559061866925,9.83211152796927,8.768748864330968,8.768748864330968
0.5871743486973947,-8.871558398938731,9.832112532218352,8.768749263599275,8.768749263599275
0.5891783567134268,-8.871557751692333,9.832113506172236,8.768749646993342,8.768749646993342
0.5911823647294588,-8.871557120316501,9.832114451404909,8.768750016228182,8.768750016228182
0.5931863727454909,-8.87155650482452,9.832115369317224,8.768750372692912,8.768750372692912
0.595190380761523,-8.871555905177011,9.832116261156012,8.76875071757848,8.76875071757848
0.597194388777555,-8.871555352388002,9.832117176132577,8.768751126784272,8.768751126784272
0.5991983967935871,-8.871554747984025,9.832117999814749,8.768751400437955,8.768751400437955
0.6012024048096192,-8.871554188818664,9.832118800057597,8.7687516911796,8.7687516911796
0.6032064128256512,-8.871553656829265,9.832119589404192,8.76875199531732,8.76875199531732
0.6052104208416833,-8.871553139619753,9.832120364365542,8.768752298423435,8.768752298423435
0.6072144288577154,-8.87155263555479,9.832121122099432,8.768752596252646,8.768752596252646
0.6092184368737474,-8.871552144626824,9.832121860781369,8.768752887004386,8.768752887004386
0.6112224448897795,-8.871551667534932,9.832122580224937,8.768753171115547,8.768753171115547
0.6132264529058116,-8.871551204627663,9.832123281064163,8.768753449518725,8.768753449518725
0.6152304609218436,-8.871550755793574,9.832123964085403,8.768753722888201,8.768753722888201
0.6172344689378757,-8.87155032065199,9.8321246299435,8.768753991530103,8.768753991530103
0.6192384769539078,-8.871549898724666,9.832125279121335,8.768754255494922,8.768754255494922
0.6212424849699398,-8.871549552257678,9.83212595875943,8.768754616353723,8.768754616353723
0.6232464929859719,-8.87154909964083,9.83212656838788,8.768754814206842,8.768754814206842
0.625250501002004,-8.87154869602173,9.832127146874294,8.768755024909366,8.768755024909366
0.627254509018036,-8.871548323880784,9.832127718180862,8.768755256478618,8.768755256478618
0.6292585170340681,-8.8715479647656,9.832128282767133,8.768755492996304,8.768755492996304
0.6312625250501002,-8.871547614363958,9.83212883661924,8.768755726690324,8.768755726690324
0.6332665330661322,-8.871547271062708,9.83212937625694,8.768755952707744,8.768755952707744
0.6352705410821643,-8.871546934993608,9.832129899978298,8.768756169492088,8.768756169492088
0.6372745490981964,-8.871546606273716,9.832130407317809,8.768756376689508,8.768756376689508
0.6392785571142284,-8.871546301218338,9.832130916047435,8.768756606247827,8.768756606247827
0.6412825651302605,-8.871546004778464,9.832131411092359,8.768756829994487,8.768756829994487
0.6432865731462926,-8.87154571153653,9.83213188743192,8.76875703818689,8.76875703818689
0.6452905811623246,-8.87155054295201,9.832137167233185,8.768766515572015,8.768766515572015
0.6472945891783567,-8.87154516322335,9.832132834598516,8.768757483015094,8.768757483015094
0.6492985971943888,-8.871544844993949,9.832133238285284,8.76875759760665,8.76875759760665
0.6513026052104208,-8.87154456135622,9.832133628806229,8.768757729941575,8.768757729941575
0.6533066132264529,-8.871544294301966,9.832134016911281,8.768757874613287,8.768757874613287
0.655310621242485,-8.871544033887755,9.832134400517822,8.768758020752768,8.768758020752768
0.657314629258517,-8.871543777606771,9.832134775756177,8.76875816233137,8.76875816233137
0.6593186372745491,-8.871543526253499,9.832135140677876,8.768758298138156,8.768758298138156
0.6613226452905812,-8.871543281119665,9.832135495166085,8.768758429204217,8.768758429204217
0.6633266533066132,-8.871543043000058,9.832135839928236,8.768758556930203,8.768758556930203
0.6653306613226453,-8.871542812173434,9.832136175782098,8.768758682367459,8.768758682367459
0.6673346693386772,-8.871542588642495,9.83213650338651,8.768758806166153,8.768758806166153
0.6693386773547093,-8.871542372719311,9.832136823948279,8.768758929789696,8.768758929789696
0.6713426853707414,-8.871542162986863,9.832137136068265,8.768759050605315,8.768759050605315
0.6733466933867734,-8.871541960658373,9.832137441098578,8.768759171018734,8.768759171018734
0.6753507014028055,-8.871541765307786,9.83213773941862,8.768759291025015,8.768759291025015
0.6773547094188376,-8.87154157659835,9.832138031169256,8.7687594104639,8.7687594104639
0.6793587174348696,-8.871541394262204,9.83213831641649,8.768759529162654,8.768759529162654
0.6813627254509017,-8.871541218037157,9.832138595202741,8.768759646930377,8.768759646930377
0.6833667334669338,-8.871541047624653,9.83213886753782,8.76875976351185,8.76875976351185
0.6853707414829658,-8.87154088267938,9.832139133383592,8.768759878563234,8.768759878563234
0.6873747494989979,-8.871540722807172,9.832139392648191,8.768759991644517,8.768759991644517
0.68937875751503,-8.871540567571655,9.832139645179218,8.768760102218726,8.768760102218726
0.691382765531062,-8.871540416494051,9.832139890765164,8.768760209653154,8.768760209653154
0.6933867735470941,-8.871540269916286,9.832140129871277,8.768760314708576,8.768760314708576
0.6953907815631262,-8.871540124761129,9.832140360534149,8.768760412724564,8.768760412724564
0.6973947895791582,-8.871539982642062,9.832140583076951,8.768760505450274,8.768760505450274
0.6993987975951903,-8.871539859234979,9.832140815096553,8.768760624094126,8.768760624094126
0.7014028056112224,-8.871539739494526,9.832141041286112,8.768760740258669,8.768760740258669
0.7034068136272544,-8.871539618000948,9.832141256136776,8.768760843719363,8.768760843719363
0.7054108216432865,-8.871539495443603,9.83214146055583,8.768760935979833,8.768760935979833
0.7074148296593186,-8.871539372484852,9.832141655434997,8.768761018504449,8.768761018504449
0.7094188376753506,-8.871539249737054,9.832141841633568,8.76876109268133,8.76876109268133
0.7114228456913827,-8.871539127756098,9.832142019965834,8.768761159804262,8.768761159804262
0.7134268537074148,-8.871539007045712,9.83214219119423,8.768761221069765,8.768761221069765
0.7154308617234468,-8.871538888061098,9.832142356027765,8.768761277578777,8.768761277578777
0.7174348697394789,-8.871539549050063,9.832143325559796,8.768762817235473,8.768762817235473
0.719438877755511,-8.871538657209449,9.832142669799694,8.768761381282875,8.768761381282875
0.721442885771543,-8.871538545179567,9.832142818854901,8.768761428448341,8.768761428448341
0.7234468937875751,-8.871538436637925,9.832142963861997,8.768761474728255,8.768761474728255
0.7254509018036072,-8.871538331533941,9.83214310539069,8.768761520637886,8.768761520637886
0.7274549098196392,-8.871538229898167,9.832143243784078,8.768761566541679,8.768761566541679
0.7294589178356713,-8.871538131826629,9.832143379313079,8.768761612791195,8.768761612791195
0.7314629258517034,-8.871538037415634,9.83214351222812,8.768761659718098,8.768761659718098
0.7334669338677354,-8.871537946721677,9.832143642754222,8.768761707593745,8.768761707593745
0.7354709418837675,-8.871537859749049,9.83214377107403,8.76876175660153,8.76876175660153
0.7374749498997996,-8.871537776449205,9.832143897319414,8.768761806828037,8.768761806828037
0.7394789579158316,-8.871537696728037,9.83214402156555,8.76876185826369,8.76876185826369
0.7414829659318637,-8.871537620445691,9.832144143832608,8.768761910804253,8.768761910804253
0.7434869739478958,-8.87153754822456,9.832144264828838,8.768761965698245,8.768761965698245
0.7454909819639278,-8.871537477460956,9.832144382793148,8.768762018904258,8.768762018904258
0.7474949899799599,-8.871537409999737,9.832144498350518,8.768762072673459,8.768762072673459
0.749498997995992,-8.871537345241688,9.832144611595263,8.768762126566985,8.768762126566985
0.751503006012024,-8.871537282620686,9.83214472227591,8.768762179835344,8.768762179835344
0.7535070140280561,-8.871537221659507,9.832144830009147,8.768762231678284,8.768762231678284
0.7555110220440882,-8.871537161914135,9.832144934374643,8.768762281288623,8.768762281288623
0.7575150300601202,-8.871537102920046,9.832145034929141,8.76876232781844,8.76876232781844
0.7595190380761523,-8.871537044165033,9.832145131194107,8.768762370342822,8.768762370342822
0.7615230460921844,-8.871536997754315,9.8321452361515,8.768762432365016,8.768762432365016
0.7635270541082164,-8.871536957362174,9.832145343378677,8.768762501958296,8.768762501958296
0.7655310621242485,-8.871536912947832,9.832145442303334,8.768762559820109,8.768762559820109
0.7675350701402806,-8.871536296854474,9.832144916121141,8.76876149590066,8.76876149590066
0.7695390781563125,-8.871536815373902,9.83214561943577,8.768762647416228,8.768762647416228
0.7715430861723446,-8.871536762816488,9.832145698232255,8.768762678263574,8.768762678263574
0.7735470941883766,-8.871536709385621,9.832145772019725,8.768762703411102,8.768762703411102
0.7755511022044087,-8.871536655377392,9.83214584159599,8.7687627239059,8.7687627239059
0.7775551102204408,-8.87153660117016,9.83214590754496,8.768762740657747,8.768762740657747
0.7795591182364728,-8.871536547200662,9.832145970387359,8.768762754566072,8.768762754566072
0.7815631262525049,-8.871536493899178,9.832146030628335,8.768762766509273,8.768762766509273
0.783567134268537,-8.871536441653758,9.832146088748587,8.768762777304238,8.768762777304238
0.785571142284569,-8.871536390796146,9.83214614518991,8.768762787679657,8.768762787679657
0.7875751503006011,-8.871536341604305,9.832146200344678,8.76876279826791,8.76876279826791
0.7895791583166332,-8.871536294306887,9.832146254552622,8.768762809605878,8.768762809605878
0.7915831663326652,-8.871536249082942,9.832146308102582,8.768762822136393,8.768762822136393
0.7935871743486973,-8.87153620681916,9.832146361977648,8.768762837612678,8.768762837612678
0.7955911823647294,-8.871536165364887,9.832146414659043,8.76876285263349,8.76876285263349
0.7975951903807614,-8.871536126780162,9.832146467100463,8.768762869964084,8.768762869964084
0.7995991983967935,-8.87153609077403,9.832146519654396,8.768762889692912,8.768762889692912
0.8016032064128256,-8.871536057092012,9.832146572345072,8.768762911618031,8.768762911618031
0.8036072144288576,-8.871536025566579,9.832146625073293,8.76876293549329,8.76876293549329
0.8056112224448897,-8.871535996056943,9.832146677708328,8.76876296106525,8.76876296106525
0.8076152304609218,-8.871535968396625,9.832146730099453,8.76876298803802,8.76876298803802
0.8096192384769538,-8.871535942370464,9.832146782060486,8.768763016037667,8.768763016037667
0.8116232464929859,-8.871535917709679,9.832146833357909,8.768763044596144,8.768763044596144
0.813627254509018,-8.871535894099226,9.832146883702109,8.768763073149202,8.768763073149202
0.81563126252505,-8.871535871178493,9.832146932748573,8.768763101038196,8.768763101038196
0.8176352705410821,-8.871535827745419,9.832146955930929,8.768763085299623,8.768763085299623
0.8196392785571142,-8.871535826034489,9.832147025983145,8.768763152658133,8.768763152658133
0.8216432865731462,-8.87153580216661,9.832147068178788,8.768763172971035,8.768763172971035
0.8236472945891783,-8.871535786098471,9.832147116369399,8.768763206097844,8.768763206097844
0.8256513026052104,-8.87153578003069,9.832147173496624,8.76876325688312,8.76876325688312
0.8276553106212424,-8.871535768863795,9.832147223652619,8.768763296290482,8.768763296290482
0.8296593186372745,-8.87153575336822,9.83214726762432,8.768763325777151,8.768763325777151
0.8316633266533066,-8.87153573430293,9.832147306186183,8.768763346777902,8.768763346777902
0.8336673346693386,-8.871535712381133,9.83214734008997,8.768763360664606,8.768763360664606
0.8356713426853707,-8.871535688257321,9.832147370050365,8.76876336872058,8.76876336872058
0.8376753507014028,-8.871535662530095,9.832147396734852,8.768763372133161,8.768763372133161
0.8396793587174348,-8.871535635745998,9.83214742076124,8.768763371994652,8.768763371994652
0.8416833667334669,-8.871535608401981,9.83214744269686,8.768763369303736,8.768763369303736
0.843687374749499,-8.871535581644993,9.832147463811339,8.768763366326246,8.768763366326246
0.845691382765531,-8.871535553772356,9.832147482844821,8.768763360312937,8.768763360312937
0.8476953907815631,-8.87153552705727,9.832147501085611,8.768763354547167,8.768763354547167
0.8496993987975952,-8.871535501514385,9.832147519156068,8.768763349653847,8.768763349653847
0.8517034068136272,-8.871535477202785,9.832147537363445,8.768763345987486,8.768763345987486
0.8537074148296593,-8.871535454261018,9.832147555904077,8.768763343864038,8.768763343864038
0.8557114228456913,-8.871535432851111,9.832147574945056,8.768763343591536,8.768763343591536
0.8577154308617234,-8.871535413104704,9.832147594635751,8.768763345433623,8.768763345433623
0.8597194388777555,-8.87153539510141,9.832147615092016,8.768763349574838,8.768763349574838
0.8617234468937875,-8.871535378867346,9.832147636382052,8.768763356105408,8.768763356105408
0.8637274549098196,-8.871535364376914,9.832147658523137,8.768763365019613,8.768763365019613
0.8657314629258517,-8.87153535155902,9.832147681477794,8.76876337621753,8.76876337621753
0.8677354709418837,-8.871535341055885,9.832147705711282,8.768763390726361,8.768763390726361
0.8697394789579158,-8.87153533067854,9.832147730091233,8.76876340549079,8.76876340549079
0.8717434869739479,-8.87153532160052,9.832147754391011,8.768763421329092,8.768763421329092
0.8737474949899798,-8.871535313825733,9.832147778900172,8.768763438529431,8.768763438529431
0.8757515030060119,-8.87153530680104,9.832147803398406,8.768763456384477,8.768763456384477
0.877755511022044,-8.871535300063599,9.83214782746832,8.768763474073229,8.768763474073229
0.879759519038076,-8.871535293206962,9.832147850634355,8.768763490767526,8.768763490767526
0.8817635270541081,-8.871535285819627,9.832147872400608,8.768763505614727,8.768763505614727
0.8837675350701402,-8.871535277449569,9.832147892241993,8.768763517697543,8.768763517697543
0.8857715430861722,-8.871535271974805,9.832147914254028,8.768763534483146,8.768763534483146
0.8877755511022043,-8.871535280983553,9.832147950926574,8.768763578532278,8.768763578532278
0.8897795591182364,-8.871535284364604,9.832147980959768,8.768763611060871,8.768763611060871
0.8917835671342684,-8.871535282934238,9.832148005202027,8.768763633627264,8.768763633627264
0.8937875751503005,-8.87153527810852,9.832148025204688,8.768763649013025,8.768763649013025
0.8957915831663326,-8.871535268631412,9.832148039974703,8.76876365512747,8.76876365512747
0.8977955911823646,-8.871535256995308,9.832148051129145,8.768763655771673,8.768763655771673
0.8997995991983967,-8.871535243526665,9.832148059559756,8.76876365211202,8.76876365211202
0.9018036072144288,-8.871535228600818,9.832148065858595,8.768763645063615,8.768763645063615
0.9038076152304608,-8.871535212670704,9.832148070513773,8.768763635508197,8.768763635508197
0.9058116232464929,-8.871535196204142,9.832148073990957,8.76876362431865,8.76876362431865
0.907815631262525,-8.871535179636936,9.832148076737663,8.768763612321596,8.768763612321596
0.909819639278557,-8.87153516334979,9.832148079169563,8.768763600263476,8.768763600263476
0.9118236472945891,-8.871535147667446,9.83214808165677,8.768763588796288,8.768763588796288
0.9138276553106212,-8.8715351328633,9.832148084518352,8.768763578476287,8.768763578476287
0.9158316633266532,-8.87153511915989,9.832148088023626,8.768763569765696,8.768763569765696
0.9178356713426853,-8.871535107781801,9.832148093007733,8.768763564572032,8.768763564572032
0.9198396793587174,-8.871535095932696,9.832148098444614,8.76876355940568,8.76876355940568
0.9218436873747494,-8.871535086032424,9.832148104632905,8.768763556707038,8.768763556707038
0.9238476953907815,-8.871535078010762,9.832148112111476,8.768763556943634,8.768763556943634
0.9258517034068136,-8.871535071604042,9.832148120963788,8.768763559963615,8.768763559963615
0.9278557114228456,-8.871535066639288,9.832148131086612,8.768763565512026,8.768763565512026
0.9298597194388777,-8.871535062994196,9.832148142324655,8.76876357332768,8.76876357332768
0.9318637274549098,-8.871535060536768,9.832148154504422,8.76876358312289,8.76876358312289
0.9338677354709418,-8.871535059090833,9.832148167424785,8.768763594543618,8.768763594543618
0.9358717434869739,-8.871535058427828,9.832148180840361,8.768763607145823,8.768763607145823
0.937875751503006,-8.871535058267462,9.832148194454806,8.768763620389478,8.768763620389478
0.939879759519038,-8.871535058284715,9.832148207915745,8.768763633639779,8.768763633639779
0.9418837675350701,-8.871535058109425,9.832148220816526,8.768763646168509,8.768763646168509
0.9438877755511021,-8.871535057929357,9.832148233445698,8.768763658425952,8.768763658425952
0.9458917835671342,-8.87153505544747,9.832148243526017,8.768763666135255,8.768763666135255
0.9478957915831663,-8.871535051908639,9.832148251448842,8.768763670785608,8.768763670785608
0.9498997995991983,-8.87153506809048,9.832148279931587,8.768763713146042,8.768763713146042
0.9519038076152304,-8.871535078342294,9.832148301993401,8.768763743932476,8.768763743932476
0.9539078156312625,-8.871535083437143,9.832148318410088,8.76876376459352,8.76876376459352
0.9559118236472945,-8.871535084160158,9.832148329936606,8.768763776567988,8.768763776567988
0.9579158316633266,-8.871535081257427,9.832148337314168,8.76876378124655,8.76876378124655
0.9599198396793587,-8.871535075419839,9.832148341251294,8.768763779938753,8.768763779938753
0.9619238476953907,-8.87153506727998,9.832148342412939,8.768763773859595,8.768763773859595
0.9639278557114228,-8.871535057416768,9.83214834141536,8.768763764128577,8.768763764128577
0.9659318637274549,-8.87153504635863,9.832148338824974,8.768763751771406,8.768763751771406
0.9679358717434869,-8.871535035682143,9.832148335823778,8.768763739348904,8.768763739348904
0.969939879759519,-8.871535022706283,9.832148331538635,8.768763723624108,8.768763723624108
0.9719438877755511,-8.871535010391433,9.832148326733972,8.768763707974928,8.768763707974928
0.9739478957915831,-8.871534998840655,9.832148322208196,8.768763693277805,8.768763693277805
0.9759519038076151,-8.8715349880917,9.832148318340007,8.768763679938571,8.768763679938571
0.9779559118236472,-8.871534978270178,9.832148315334134,8.768763668269955,8.768763668269955
0.9799599198396792,-8.871534969546493,9.832148313349347,8.768763658579235,8.768763658579235
0.9819639278557113,-8.871534962078414,9.832148312526854,8.768763651145216,8.768763651145216
0.9839679358717434,-8.871534955976019,9.832148312981715,8.768763646178682,8.768763646178682
0.9859719438877754,-8.871534951294441,9.832148314786407,8.768763643799801,8.768763643799801
0.9879759519038075,-8.871534948037514,9.832148317962035,8.768763644032733,8.768763644032733
0.9899799599198396,-8.871534946159139,9.832148322478446,8.76876364680693,8.76876364680693
0.9919839679358716,-8.871534945568314,9.832148328251042,8.768763651958478,8.768763651958478
0.9939879759519037,-8.871534946682221,9.832148335889517,8.768763660456946,8.768763660456946
0.9959919839679358,-8.871534947603244,9.83214834343456,8.768763668692433,8.768763668692433
0.9979959919839678,-8.871534949747385,9.83214835162472,8.768763678647304,8.768763678647304
1.0,-8.871534971079017,9.83214838098644,8.768763726440614,8.768763726440614
