time,i_bus_a,i_bus_b,i_bus_c,angle_ref
0.0,-0.9486624511191158,0.9186799752148582,0.029982475904256928,-0.3879377711274117
0.01002004008016032,1.067981263196352,-0.4035650197910617,-0.6644162434053966,3.389528345413422
0.02004008016032064,-0.7698086203296088,-0.26927988590745844,1.0390885062370199,7.166994461954255
0.03006012024048096,0.17072606333850754,0.8369074675048616,-1.007633530843496,10.944460578495086
0.04008016032064128,0.49506770482698936,-1.0773435202929666,0.582275815465611,14.721926695035917
0.0501002004008016,-0.9673761213021272,0.8966972630384066,0.07067885826389433,18.49939281157675
0.06012024048096192,1.0615227908383476,-0.36550985218689536,-0.6960129386518248,22.27685892811759
0.07014028056112225,-0.7407298055150983,-0.30853446981777766,1.0492642753320285,26.05432504465843
0.08016032064128256,0.1303891951950199,0.8619843658073023,-0.9923735610003211,29.831791161199266
0.09018036072144288,0.5309044617066505,-1.0784810391542476,0.5475765774490549,33.6092572777401
0.1002004008016032,-0.9846813397801938,0.8734115366451629,0.11126980313661675,37.38672339428092
0.11022044088176353,1.0535478987215705,-0.32692759414161326,-0.7266203045782738,41.16418951082175
0.12024048096192384,-0.710596352581115,-0.34734572906480826,1.05794208164746,44.94165562736257
0.13026052104208416,0.0898651876711016,0.88583706081297,-0.9757022484830544,48.71912174390339
0.1402805611222445,0.5659955622502634,-1.078094589081216,0.5120990268312837,52.49658786044422
0.1503006012024048,-1.0005864934230926,0.8488851541734087,0.15170133924973161,56.27405397698504
0.16032064128256512,1.044073430699302,-0.28787889896036545,-0.7561945317387475,60.051520093525866
0.17034068136272545,-0.6794490040531579,-0.3856603428155152,1.0651093468679556,63.828986210066695
0.18036072144288576,0.04921282064017335,0.9084320527068375,-0.9576448733476584,67.60645232660755
0.1903807615230461,0.6002739114320848,-1.076161385933919,0.475887474501276,71.3839184431484
0.2004008016032064,-1.0150699532867093,0.8231530302591583,0.1919169230265811,75.16138455968925
0.21042084168336672,1.0331148512331847,-0.24842073204563947,-0.7846941191884886,78.9388506762301
0.22044088176352705,-0.6473308491679324,-0.423423619527162,1.0707544686945256,82.71631679277095
0.23046092184368736,0.008490274763864547,0.9297370058681631,-0.9382272806326277,86.4937829093118
0.24048096192384769,0.6336838782244839,-1.0726762176443647,0.43899233941937,90.27124902585265
0.250501002004008,-1.0281105279631952,0.7962509092788215,0.2318596186844623,94.0487151423935
0.2605210420841683,1.0206872648063885,-0.20860938559352799,-0.8120778792128104,97.82618125893435
0.27054108216432865,-0.614289267464166,-0.4605831595375192,1.074872427000586,101.6036473754752
0.280561122244489,-0.032244521978811336,0.9497200519014439,-0.9174755299239998,105.38111349201607
0.2905811623246493,0.6661837414715504,-1.0676530088615532,0.4014692673879145,109.15857960855692
0.3006012024048096,-1.0396872101614991,0.7682148526204793,0.27147235753959753,112.93604572509776
0.3106212424849699,1.006805637412844,-0.16850089704485788,-0.838304740369026,116.7135118416386
0.32064128256513025,-0.5803717632027845,-0.49708635670568213,1.0774581199073938,120.49097795817946
0.3306613226452906,-0.07293374342123993,0.968349502881878,-0.8954157594611981,124.26844407472032
0.3406813627254509,0.6977317007250136,-1.061105548168972,0.36337384744280044,128.04591019126119
0.3507014028056112,-1.0497790692843842,0.7390810432630238,0.310698026020738,131.82337630780196
0.3607214428857715,0.9914848827673245,-0.12815120786008716,-0.8633336749076512,135.60084242434274
0.37074148296593185,-0.5456279948817763,-0.5328856848403618,1.0785136797217572,139.37830854088358
0.3807615230460922,-0.11352410019317269,0.9856079586642357,-0.8720838584710061,143.15577465742433
0.3907815631262525,0.7282859260899821,-1.0530475756134638,0.3247616495233374,146.93324077396517
0.4008016032064128,-1.0583705681700482,0.7088897594329863,0.34948080873757786,150.71070689050592
0.4108216432865731,0.9747660107432672,-0.08761429668614362,-0.8871517140567715,154.48817300704673
0.42084168336673344,-0.5101082288404238,-0.5679342037452657,1.0780424325860756,158.26563912358753
0.4308617234468938,-0.15395406109455914,1.001461465071702,-0.8475074039765869,162.0431052401283
0.4408817635270541,0.7578045776240938,-1.043492815026765,0.2856882374030199,165.82057135666912
0.45090180360721444,-1.0654491798032255,0.6776851478988528,0.38776403190452957,169.5980374732099
0.4609218436873747,0.9566386518937807,-0.046954478670005045,-0.9096841732227889,173.37550358975068
0.47094188376753504,-0.47385434474702426,-0.6021583420954232,1.0760126868425475,177.15296970629151
0.48096192384769537,-0.19415861366010373,1.0158683123366474,-0.8217096986761837,180.9304358228323
0.4909819639278557,0.7862458126848881,-1.0324549856819052,0.24620917299675105,184.7079019393731
0.501002004008016,-1.0878611736783361,0.6445074203033405,0.44335375337418725,188.48536805591385
0.5110220440881763,1.3658239735225501,-0.4168583118702809,-0.948965661653391,192.26283417245457
0.5210420841683366,-0.6262837143471952,-0.8040169176572167,1.4303006320028269,196.04030028899533
0.531062124248497,0.016077892066175048,1.0481102222385106,-1.0641881143053558,199.81776640553608
0.5410821643286573,0.9085966229832572,-1.4631574983499005,0.55456087536804,203.5952325220768
0.5511022044088176,-1.2418989526211346,0.8746630248121215,0.36723592780945297,207.37269863861755
0.561122244488978,1.3277256251899145,-0.3372752674023731,-0.9904503577845765,211.1501647551583
0.5711422845691383,-0.7430432977411416,-0.6361236572636717,1.3791669550022416,214.92763087169905
0.5811623246492986,0.029722506225417944,1.1193766862566903,-1.149099192481757,218.7050969882398
0.5911823647294588,0.8189879913917634,-1.3965577082108787,0.577569716820372,222.4825631047805
0.6012024048096192,-1.2600158948590376,0.9826545996829459,0.27736129517631647,226.26002922132122
0.6112224448897795,1.318335539288369,-0.3438751986346468,-0.9744603406533399,230.03749533786194
0.6212424849699398,-0.8141190100508097,-0.5383849266756466,1.3525039367349694,233.81496145440272
0.6312625250501002,0.06627677110888486,1.1247106844396588,-1.1909874555448774,237.59242757094344
0.6412825651302605,0.7557884989995002,-1.3691926182072536,0.6134041192122901,241.36989368748416
0.6513026052104208,-1.2534862508154812,1.0381559659812165,0.21533028484151828,245.14735980402492
0.6613226452905812,1.3167395995194469,-0.3715401014948773,-0.9451994980165932,248.92482592056567
0.6713426853707415,-0.8583849121674577,-0.4765631847170668,1.3349480968915972,252.70229203710642
0.6813627254509018,0.10259082092052413,1.1101281994775876,-1.2127190203904568,256.4797581536472
0.6913827655310621,0.7110207741443789,-1.355600016776615,0.6445792426297191,260.2572242701882
0.7014028056112224,-1.240209880739752,1.0679341464893972,0.17227573424880993,264.0346903867292
0.7114228456913827,1.3162871238969611,-0.39818477403025104,-0.9181023498692342,267.8121565032702
0.721442885771543,-0.8851675610101807,-0.4368334638528927,1.3220010248590044,271.5896226198112
0.7314629258517034,0.1301400485963034,1.0933810778990989,-1.2235211264939474,275.36708873635223
0.7414829659318637,0.6813503513310056,-1.3473537464502339,0.6660033951262232,279.14455485289324
0.751503006012024,-1.2280882689884844,1.0831315962620047,0.14495667273354362,282.9220209694343
0.7615230460921844,1.3150849965906704,-0.41627450120446335,-0.898810495380346,286.69948708597525
0.7715430861723447,-0.8992252365821622,-0.41364371892589535,1.3128689554999415,290.4769532025163
0.781563126252505,0.1462805337568157,1.0813107868461531,-1.227591320607323,294.25441931905726
0.7915831663326653,0.6649124257304522,-1.341841705205409,0.6769292794537554,298.0318854355983
0.8016032064128256,-1.2201405418785265,1.0887330461069464,0.1314074957512958,301.8093515521392
0.8116232464929859,1.3128480497499069,-0.4239961137155675,-0.8888519360431015,305.5868176686803
0.8216432865731462,-0.9033819499708227,-0.404137662945067,1.307519612907676,309.3642837852213
0.8316633266533066,0.15097619271488216,1.075931046334579,-1.2269072390556186,313.1417499017623
0.8416833667334669,0.6599611181548123,-1.3380060271633674,0.678044909014941,316.91921601830336
0.8517034068136272,-1.2172878547546657,1.087362812637422,0.12992504212634284,320.69668213484437
0.8617234468937875,1.309521413260833,-0.4217033947452805,-0.8878180185044257,324.47414825138543
0.8717434869739479,-0.8994358922412433,-0.4060251861477063,1.3054610783826612,328.2516143679264
0.8817635270541082,0.145298039997211,1.0772166759287105,-1.2225147159195744,332.02908048446744
0.8917835671342685,0.6648555822783789,-1.335454814024535,0.6705992317421303,335.8065466010084
0.9018036072144289,-1.2191167633333384,1.080389702010135,0.13872706133355986,339.58401271754946
0.9118236472945891,1.3050301473393338,-0.4105097880780326,-0.8945203592579519,343.36147883409035
0.9218436873747494,-0.8887701070776183,-0.4174033724316562,1.3061734795066917,347.1389449506314
0.9318637274549098,0.13070311941562962,1.0842353453304365,-1.2149384647509196,350.9164110671724
0.9418837675350701,0.6777831239354127,-1.33355837790341,0.6557752539691726,354.69387718371337
0.9519038076152304,-1.2247391529221097,1.0686821697029907,0.15605698323586065,358.47134330025443
0.9619238476953907,1.2993715363533194,-0.39174320892056375,-0.9076283274218218,362.24880941679544
0.9719438877755511,-0.8723938414252157,-0.43639123733660534,1.3087850787947244,366.0262755333365
0.9819639278557114,0.10865493236715477,1.0958907909764746,-1.2045457233198418,369.8037416498775
0.9919839679358717,0.6970829360402198,-1.3318596005037662,0.6347766644918891,373.5812077664185
1.002004008016032,-1.2332043054875077,1.0529101528069047,0.18029415269450166,377.35867388295947
1.0120240480961924,1.2923347540969368,-0.3666715301595862,-0.9256632239280087,381.13613999950036
1.0220440881763526,-0.8512117658458038,-0.4614719441250475,1.3126837099792743,384.9136061160412
1.032064128256513,0.08053998292460707,1.1108752397470998,-1.1914152226721835,388.6910722325821
1.0420841683366733,0.721335603739786,-1.3299183145032951,0.6085827107631487,392.4685383491229
1.0521042084168337,-1.2435849166867812,1.0335250579509512,0.21005985874588728,396.2460044656639
1.062124248496994,1.2837136943250411,-0.33640852197146753,-0.9473051723328519,400.0234705822047
1.0721442885771542,-0.8258442779799601,-0.4912136583350168,1.317057936344831,403.80093669874555
1.0821643286573146,0.04754663834992362,1.1282011416345716,-1.1757477799649412,407.57840281528644
1.0921843687374748,0.7492295312901276,-1.3272727498703556,0.5780432185965763,411.3558689318273
1.1022044088176353,-1.2550490705811352,1.0109320164549773,0.2441170541265977,415.13333504836817
1.1122244488977955,1.2733931180672877,-0.3019056046003581,-0.9714875134538481,418.910801164909
1.122244488977956,-0.7969042500959462,-0.5244514190492401,1.3213556691582544,422.68826728144995
1.1322645290581161,0.010699830623998874,1.1469795836943935,-1.15767941431111,426.4657333979908
1.1422845691382766,0.7797154634727765,-1.3235884696824216,0.5438730062006125,430.2431995145317
1.1523046092184368,-1.2669075746311502,0.9854514244467864,0.2814561501828529,434.0206656310725
1.1623246492985972,1.2612781272276992,-0.26397190844672996,-0.9973062187829483,437.79813174761347
1.1723446893787575,-0.7648957463616743,-0.5602370099502111,1.3251327563220592,441.57559786415425
1.1823647294589177,-0.029174509832366823,1.1664620560292542,-1.1372875461917566,445.3530639806951
1.1923847695390781,0.8119480985314866,-1.318619692410106,0.5066715938924714,449.13053009723603
1.2024048096192383,-1.2786129473369718,0.9573730732219731,0.3212398741228529,452.90799621377687
1.2124248496993988,1.2473086703688971,-0.22328081107650627,-1.0240278592878818,456.68546233031776
1.222444889779559,-0.7302138175740288,-0.5977876016502173,1.3280014192334137,460.4629284468586
1.2324649298597194,-0.07136593887853601,1.1860325949884716,-1.1146666561044885,464.2403945633995
1.2424849699398797,0.8452029269015956,-1.3121500207167385,0.4669470938080418,468.0178606799403
1.25250501002004,-1.2896824799773556,0.926913931059657,0.3627685489059953,471.7953267964813
1.2625250501002003,1.231457206072528,-0.1803944724038371,-1.0510627336687866,475.5727929130221
1.2725450901803608,-0.6932240005185691,-0.6364627547170307,1.3296867552272706,479.350259029563
1.282565130260521,-0.11530327816518418,1.2052335318266116,-1.0899302536519384,483.12772514610384
1.2925851703406812,0.8789174211088085,-1.3040412561041954,0.4251238350010412,486.9051912626447
1.3026052104208417,-1.299760908349983,0.894290169641961,0.4054707386951919,490.68265737918557
1.3126252505010019,1.213712093833713,-0.13577343410973064,-1.0779386597278804,494.4601234957264
1.3226452905811623,-0.6542241854669195,-0.6757515544236521,1.3299757398788323,498.23758961226736
1.3326653306613225,-0.1605072096947495,1.2236851063941607,-1.0631778966971341,502.0150557288082
1.342685370741483,0.9126417110061923,-1.2942020326362278,0.3815603216245561,505.7925218453491
1.3527054108216432,-1.3086920174884922,0.8597407218826173,0.44895129560272146,509.5699879618899
1.3627254509018036,1.1940800048294302,-0.0897930755337551,-1.1042869292941013,513.3474540784307
1.3727454909819639,-0.6134647066317083,-0.7152414768585733,1.3287061834962053,517.1249201949714
1.3827655310621243,-0.20660073938901707,1.2411250054612952,-1.0345242660768705,520.9023863115124
1.3927855711422845,0.9460344523961568,-1.282587825869809,0.33655337346904635,524.6798524280531
1.4028056112224447,-1.3162297468965156,0.8234091875032908,0.49282055937845853,528.4573185445938
1.4128256513026052,1.1725960955173484,-0.04276916915797127,-1.129826926368574,532.2347846611347
1.4228456913827654,-0.571166856641842,-0.754619156422061,1.3257860130604602,536.0122507776754
1.4328657314629258,-0.25326713217871805,1.2573421053396028,-1.0040749731671192,539.7897168942162
1.442885771543086,0.9788156990682021,-1.2691723550710692,0.29035665599848853,543.5671830107569
1.4529058116232465,-1.3222326713597656,0.7854478264363108,0.5367848449206039,547.3446491272978
1.4629258517034067,1.1492948825232343,0.005030814166788827,-1.154325696683526,551.1221152438385
1.4729458917835672,-0.5275216497954583,-0.7935911676737284,1.321112817473406,554.8995813603793
1.4829659318637274,-0.30025273655860185,1.2721732078552888,-0.9719204712929879,558.67704747692
1.4929859719438878,1.0107586277084177,-1.2539462329932227,0.24318760528240368,562.4545135934609
1.503006012024048,-1.3265715953176873,0.745994998607747,0.5805765967068431,566.2319797100017
1.5130260521042083,1.1241991546867003,0.05337648227507051,-1.17757563695775,570.0094458265424
1.5230460921843687,-0.4827030543257973,-0.831931318825311,1.3146343731563102,573.7869119430832
1.533066132264529,-0.3473307276607784,1.2854835756112082,-0.938152847963559,577.564378059624
1.5430861723446894,1.0416830053614718,-1.2369146284022314,0.19523162303744812,581.3418441761647
1.5531062124248496,-1.329171479969493,0.7051751681336058,0.6239963118442997,585.1193102927056
1.56312625250501,1.0973725070594127,0.10207518131406476,-1.1994476883635772,588.8967764092464
1.5731462925851702,-0.43685963193135097,-0.8694710195617497,1.306330651501881,592.6742425257871
1.5831663326653307,-0.3943165514682214,1.2971733046643734,-0.9028567531937346,596.451708642328
1.593186372745491,1.0714381537826667,-1.2180884615893863,0.14665030781081367,600.2291747588687
1.6032064128256511,-1.3299867623445496,0.6631084105684006,0.6668783517882418,604.0066408754094
1.6132264529058116,1.0688740961354963,0.15096337156674305,-1.2198374676933668,607.7841069919502
1.6232464929859718,-0.39012787076887817,-0.9060675034982557,1.2961953742741281,611.561573108491
1.6332665330661322,-0.4410505232223101,1.3071618609058067,-0.8661113376752321,615.3390392250318
1.6432865731462925,1.0998984981762798,-1.1974844601280126,0.09758596195669228,619.1165053415725
1.653306613226453,-1.3289860381921927,0.6199043830388126,0.7090816551600887,622.8939714581134
1.6633266533066131,1.0387630739374851,0.1998977109880138,-1.2386607849204359,626.6714375746541
1.6733466933867736,-0.3426306336640644,-0.9416003265453943,1.2842309602073982,630.4489036911949
1.6833667334669338,-0.4874101076561973,1.3154141056096673,-0.8280039979470756,634.2263698077358
1.6933867735470942,1.126991870243972,-1.175151658970496,0.0481597887274762,638.0038359242765
1.7034068136272544,-1.3261483722704752,0.5756641804426847,0.7504841918290831,641.7813020408173
1.7134268537074147,1.007097824688135,0.24875086515794426,-1.2558486898447954,645.558768157358
1.723446893787575,-0.29447985030670226,-0.9759660881439742,1.2704459384519668,649.3362342738988
1.7334669338677353,-0.5332487077197408,1.321848201016363,-0.7885994932854865,653.1137003904396
1.7434869739478958,1.152584167345682,-1.1510869464302986,-0.00149722091449489,656.8911665069804
1.753507014028056,-1.3214604770544471,0.5304818570411246,0.7909786200139106,660.6686326235211
1.7635270541082164,0.9739355829539125,0.2974080989501908,-1.2713436818990684,664.446098740062
1.7735470941883766,-0.24577867945865595,-1.0090743971008926,1.254853076563371,668.2235648566027
1.783567134268537,-0.5784581733934832,1.3264341402324293,-0.7479759668379509,672.0010309731435
1.7935871743486973,1.1766158567929492,-1.125336800950067,-0.05127905585418693,675.7784970896843
1.8036072144288577,-1.314914602081275,0.4844456898295927,0.8304689122392762,679.5559632062251
1.813627254509018,0.9393322794751264,0.345764556777998,-1.2850968362711177,683.3334293227658
1.8236472945891782,-0.19662325357298321,-1.0408447841255084,1.2374680376770586,687.1108954393065
1.8336673346693386,-0.6229465617688297,1.3291591593878394,-0.7062125976347262,690.8883615558474
1.8436873747494988,1.199036418410552,-1.097948914952753,-0.10108750346279685,694.6658276723881
1.8537074148296593,-1.306506974036883,0.4376392320636515,0.8688677419714494,698.443293788929
1.8637274549098195,0.9033425240253037,0.39372311037874774,-1.2970656344046092,702.2207599054698
1.87374749498998,-0.14710408733994984,-1.071204338738939,1.218308426077585,705.9982260220105
1.8837675350701402,-0.6666292861371867,1.3300150669204112,-0.6633857807775472,709.7756921385513
1.8937875751503006,1.2198015373003102,-1.0689711735357355,-0.15083036376550696,713.5531582550922
1.9038076152304608,-1.2962442757128478,0.39014230292589935,0.9061019727847125,717.3306243716329
1.9138276553106213,0.866026816676069,0.44120216794038836,-1.3072289846109062,721.1080904881737
1.9238476953907815,-0.09730288492814201,-1.1001088681961713,1.1974117531295683,724.8855566047145
1.9338677354709417,-0.7094274556426942,1.3289970167686924,-0.6195695611209234,728.6630227212552
1.9438877755511021,1.2388715742918766,-1.0384513977430831,-0.2004201765432807,732.440488837796
1.9539078156312624,-1.2841441603294173,0.3420354213803157,0.9421087389577938,736.2179549543367
1.9639278557114228,0.8274415349961806,0.4881105249139339,-1.315552059897804,739.9954210708776
1.973947895791583,-0.04731182865643423,-1.127476777402549,1.1747886060539643,743.7728871874183
1.9839679358717435,-0.7512742992851371,1.3260991809581277,-0.5748248816812769,747.5503533039591
1.9939879759519037,1.256210510944452,-1.0064443720055563,-0.24976613894181832,751.3278194204998
2.004008016032064,-1.2701407497197095,0.2933939132897083,0.976746836422506,755.1052855370407
2.0140280561122244,0.7876414574671446,0.5343574586331814,-1.321998916091259,758.8827516535816
2.024048096192385,0.0027827484386192536,-1.1532461789693422,1.150463430544401,762.6602177701226
2.034068136272545,-0.7920831158963577,1.3213306648400738,-0.5292475489277161,766.4376838866632
2.0440881763527052,1.2717843055022715,-0.9729814008456861,-0.2988029046412906,770.2151500032041
2.0541082164328657,-1.2543827061120165,0.24431557657729452,1.010067129547938,773.992616119745
2.064128256513026,0.7466918660106251,0.5798661725964466,-1.326558038596664,777.7700822362859
2.074148296593186,0.05290211834666636,-1.1773865134612047,1.1244843951276442,781.5475483528267
2.0841683366733466,-0.8317929561639885,1.3146841468745485,-0.4828911906903972,785.3250144693676
2.094188376753507,1.285561965889303,-0.9381192883287668,-0.3474426775484332,789.1024805859084
2.1042084168336674,-1.2368351344484891,0.19486227587408522,1.0419728585843702,792.8799467024494
2.1142284569138274,0.7046599762085912,0.6245709227789343,-1.3292308989589157,796.6574128189901
2.124248496993988,0.10296911980571369,-1.1998637771180702,1.0968946573464835,800.434878935531
2.1342685370741483,-0.870337295776799,1.3061618350513122,-0.43582453924129066,804.2123450520719
2.1442885771543083,1.2975136652138852,-0.901904175406018,-0.3956094897773642,807.9898111686126
2.1543086172344688,-1.217522969347875,0.14510658131048632,1.07241638806636,811.7672772851535
2.164328657314629,0.6616115793627613,0.6684056726783232,-1.3300172520304179,815.5447434016944
2.1743486973947896,0.15290794414107078,-1.220646020127724,1.0677380759899837,819.3222095182354
2.1843687374749496,-0.9076768525634421,1.2957941783957434,-0.3881173258087567,823.0996756347761
2.19438877755511,1.3076472551577591,-0.8644002699901633,-0.4432469851478762,826.8771417513169
2.2044088176352705,-1.1964787628938518,0.09512231144664304,1.1013564514606498,830.6546078678579
2.214428857715431,0.6176118850044965,0.711305469250733,-1.3289173542499466,834.4320739843987
2.224448897795591,0.2026438844802797,-1.239702598813372,1.0370587143503789,838.2095401009394
2.2344689378757514,-0.9437183988202298,1.2835603841620633,-0.33984198533659643,841.9870062174804
2.244488977955912,1.3158942058384668,-0.8256427597466495,-0.49025144609267945,845.7644723340212
2.254509018036072,-1.1737062327232646,0.04499338013650195,1.1287128525893222,849.5419384505619
2.2645290581162323,0.5727256307167666,0.7532063022014635,-1.3259319329208215,853.3194045671029
2.2745490981963927,0.252103118312415,-1.257003780033039,1.0049006617103873,857.0968706836437
2.284569138276553,-0.9784089179465502,1.2694804914432418,-0.29107157349851,860.8743368001847
2.294589178356713,1.3222533797059162,-0.7856948666709082,-0.536558513027063,864.6518029167254
2.3046092184368736,-1.1492476888859058,-0.005206836569534523,1.1544545254631875,868.4292690332662
2.314629258517034,0.5270171649943804,0.7940449293892973,-1.3210620943786824,872.2067351498072
2.3246492985971945,0.30121252213920635,-1.272520486295924,0.9713079641577522,875.9842012663481
2.3346693386773545,-1.011704709386929,1.253583572731214,-0.2418788633546159,879.7616673828888
2.344689378757515,1.3267241005957464,-0.7446196189391814,-0.5821044816666059,883.5391334994297
2.3547094188376754,-1.1231455007355766,-0.05540551465122287,1.1785510153776348,887.3165996159706
2.3647294589178354,0.4805505146558212,0.8337587175666217,-1.314309232231456,891.0940657325114
2.374749498997996,0.3498995221651391,-1.2862241213489214,0.9363245991804581,894.8715318490522
2.3847695390781563,-1.043562616150967,1.235898845363526,-0.19233622921985555,898.6489979655931
2.3947895791583167,1.32930603347361,-0.7024798663841281,-0.6268261670963462,902.426464082134
2.4048096192384767,-1.0954420638505036,-0.1055302616628504,1.2009723255193454,906.2039301986747
2.414829659318637,0.4333905430050682,0.8723002167196438,-1.3056907597163092,909.9813963152156
2.4248496993987976,0.3981045705881438,-1.2981107615568876,0.9000061909735095,913.7588624317565
2.434869739478958,-1.073939898127877,1.216455626224218,-0.14251572808850854,917.5363285482974
2.444889779559118,1.3299990945369295,-0.6593383024896854,-0.6706607920397507,921.3137946648382
2.4549098196392785,-1.0661797790407503,-0.15550902517077347,1.221688804212094,925.091260781379
2.464929859719439,0.3856057851813571,0.9096021202332573,-1.2952079054164405,928.8687268979199
2.474949899799599,0.445741329420941,-1.3081356004696854,0.8623942710497104,932.6461930144607
2.4849699398797593,-1.102794134581758,1.1952832980334833,-0.09248916345260993,936.4236591310016
2.49498997995992,1.328803384407652,-0.6152574869669952,-0.7135458974416691,940.2011252475424
2.50501002004008,-1.0354010396052196,-0.2052700208998688,1.2406710604976507,943.9785913640834
2.51503006012024,0.3372663953034416,0.9455915643746853,-1.2828579596837952,947.7560574806241
2.5250501002004007,0.4927353787549366,-1.3162765756643873,0.8235411968996376,951.533523597165
2.535070140280561,-1.1300831490044898,1.172411285166434,-0.04232813617341513,955.3109897137059
2.5450901803607215,1.3257191386073817,-0.5702998666238612,-0.755419271989474,959.0884558302469
2.5551102204408815,-1.0031482238130867,-0.254741676394146,1.2578899002157697,962.8659219467875
2.565130260521042,0.28844364326133903,0.9802251720497818,-1.2686688153048447,966.6433880633284
2.5751503006012024,0.5390239290831467,-1.3225324048385136,0.7835084757544103,970.4208541798694
2.5851703406813624,-1.1557649514397317,1.1478690367765891,0.007895914669443338,974.1983202964101
2.595190380761523,1.3207466908907444,-0.5245277940557582,-0.7962188968337973,977.9757864129509
2.6052104208416833,-0.9694636915679005,-0.3038525862377704,1.273316277806181,981.7532525294918
2.6152304609218437,0.23920868246512783,1.013459735803601,-1.2526684182695706,985.5307186460327
2.6252505010020037,0.584544352643105,-1.3269019149460244,0.7423575623205323,989.3081847625734
2.635270541082164,-1.1797976943594157,1.121686015419647,0.058111678960098,993.0856508791144
2.6452905811623246,1.3138874403714544,-0.478003623761359,-0.835883816590997,996.8631169956552
2.655310621242485,-0.934394473653536,-0.3525365992921357,1.2869310729640293,1000.6405831121962
2.665330661322645,0.189632572247814,1.0452521786828526,-1.2348847509060872,1004.4180492287369
2.6753507014028055,0.6292341482122092,-1.3293840140523605,0.7001498658620985,1008.1955153452777
2.685370741482966,-1.2021458007989585,1.09389809154688,0.1082477092713325,1011.9729814618187
2.695390781563126,1.3051741647819202,-0.4307946763632316,-0.8743794884033107,1015.7504475783594
2.7054108216432864,-0.8979930392120463,-0.40072651555487754,1.2987195547880546,1019.5279136949002
2.715430861723447,0.1397862958476298,1.0755595239933577,-1.2153458198199005,1023.3053798114412
2.7254509018036073,0.6730309132714003,-1.329977670017298,0.6569467567594665,1027.0828459279812
2.7354709418837673,-1.2227761643765909,1.0645461718872409,0.15822999250141423,1030.8603120445207
2.7454909819639277,1.2945743812614905,-0.3829671765477521,-0.9116072047034165,1034.6377781610606
2.755511022044088,-0.8602978908254924,-0.4483337976906704,1.3086316885187932,1038.4152442776003
2.7655310621242486,0.08974077540324654,1.1043388720590306,-1.1940796474523188,1042.1927103941402
2.7755511022044086,0.7158723223813916,-1.328681894827966,0.6128095724464728,1045.97017651068
2.785571142284569,-1.2416625214530939,1.033675054853635,0.2079874665980585,1049.7476426272196
2.7955911823647295,1.2821147035039058,-0.33459176579893746,-0.947522937700926,1053.5251087437593
2.8056112224448895,-0.8213695229036682,-0.49529545596346586,1.3166649788778562,1057.302574860299
2.81563126252505,0.03956688397803482,1.1315473821193232,-1.1711142660963396,1061.080040976839
2.8256513026052104,0.7576961100997578,-1.325495732825283,0.5677996227268332,1064.8575070933787
2.835671342685371,-1.2587796439151335,1.001330260841953,0.25744938308216503,1068.6349732099184
2.845691382765531,1.2678217635021838,-0.2857390505642902,-0.9820827129345719,1072.412439326458
2.8557114228456912,-0.7812684151170177,-0.5415485507669482,1.3228169659049394,1076.189905442998
2.8657314629258517,-0.010664544651832808,1.1571422585798459,-1.1464777139160134,1079.9673715595377
2.875751503006012,0.7984400576563968,-1.3204182518911394,0.5219781942424454,1083.7448376760776
2.885771543086172,-1.2741023395128435,0.9675573054857027,0.30654503403337674,1087.522303792617
2.8957915831663326,1.2517222059752724,-0.23647960893816977,-1.0152425970294923,1091.299769909157
2.905811623246493,-0.7400550342748365,-0.587030181709682,1.327085215964897,1095.0772360256967
2.915831663326653,-0.06088282281404959,1.1810833631905533,-1.1202005403809128,1098.8547021422364
2.9258517034068134,0.8380626004784008,-1.313472302790677,0.4754097023036974,1102.6321682587761
2.935871743486974,-1.2876342146293787,0.9324152265038673,0.35521898810625674,1106.409634375316
2.9458917835671343,1.2338426843832317,-0.1868839960161059,-1.0469586883801136,1110.1871004918557
2.9559118236472943,-0.697789835928983,-0.6316774792073343,1.3294673151306244,1113.9645666083954
2.9659318637274548,-0.11101459742772926,1.2033362425383447,-1.0923216451281963,1117.7420327249351
2.975951903807615,0.8764810320913533,-1.3046406760300968,0.4281596439195276,1121.519498841475
2.9859719438877756,-1.2993089891043572,0.8959316721606881,0.4033773169607878,1125.2969649580148
2.9959919839679356,1.2142098579648724,-0.13702274826100902,-1.0771871097003476,1129.0744310745545
3.006012024048096,-0.654533266101851,-0.6754275977704326,1.3299608638689002,1132.8518971910944
3.0160320641282565,-0.16098791572420712,1.223870876298456,-1.0628829605661596,1136.629363307634
3.0260521042084165,0.9136335881261967,-1.2939302114400415,0.38029662331622127,1140.4068294241738
3.036072144288577,-1.3091139526223385,0.8581620588248774,0.45095189378317213,1144.1842955407135
3.0460921843687374,1.192850389743078,-0.08696638728252842,-1.1058840024705514,1147.9617616572534
3.056112224448898,-0.6103457626488373,-0.7182177106390536,1.3285634732872482,1151.7392277737931
3.066132264529058,-0.21073202116007186,1.2426608074531273,-1.0319287862854172,1155.5166938903328
3.0761523046092183,0.9494752321564496,-1.2813661460663566,0.33189091391454645,1159.2941600068725
3.0861723446893787,-1.3170449926622303,0.8191659330875674,0.49787905957232037,1163.0716261234124
3.096192384769539,1.1697909450933204,-0.03678542252334116,-1.133005522573073,1166.8490922399521
3.106212424849699,-0.5652877567188677,-0.7599850057628161,1.325272762491182,1170.6265583564918
3.1162324649298596,-0.26017616967747054,1.2596795905308449,-0.9995034208496694,1174.4040244730315
3.12625250501002,0.983960940842501,-1.266973721428912,0.2830127805864062,1178.1814905895715
3.13627254509018,-1.3230980054162524,0.7790028377763802,0.5440951676546089,1181.958956706111
3.1462925851703405,1.145058387028613,0.01344968403343692,-1.1585080710549212,1185.7364228226509
3.156312625250501,-0.5194209941815785,-0.8006755160490577,1.320096510223078,1189.5138889391906
3.1663326653306614,-0.30925865988775325,1.274918601639365,-0.9656599417436595,1193.2913550557305
3.1763527054108214,1.0170457009348597,-1.2507781821788517,0.2337324812407327,1197.0688211722702
3.186372745490982,-1.3272688933863326,0.7377323125559712,0.5895365808173261,1200.84628728881
3.1963927855711423,1.1186887417247042,0.06366715646925228,-1.1823558982025808,1204.6237534053496
3.2064128256513023,-0.4728111868740361,-0.8402334384865844,1.3130446253646646,1208.4012195218893
3.2164328657314627,-0.3579015117245552,1.2883378227715336,-0.9304363110421281,1212.178685638429
3.226452905811623,1.0486845068829833,-1.23280477498214,0.18412026809881665,1215.956151754969
3.2364729458917836,-1.3295535640021774,0.6954138943949073,0.6341396695982708,1219.7336178715088
3.2464929859719436,1.0907202651622123,0.11379341567829297,-1.20451368083964,1223.5110839880483
3.256513026052104,-0.42552332491825484,-0.87857379340662,1.3040971183259407,1227.2885501045882
3.2665330661322645,-0.40602416979046063,1.2998983946396034,-0.8938742248375939,1231.066016221128
3.276553106212425,1.078832359117446,-1.2130787479657716,0.1342463888542787,1234.8434823376679
3.286573146292585,-1.3299479280629054,0.6521071177611941,0.6778408102993985,1238.6209484542073
3.2965931863727453,1.0611960534557405,0.1637574913655489,-1.2249535448198487,1242.3984145707473
3.306613226452906,-0.37762740354003044,-0.9156504321847602,1.2932778357386372,1246.175880687287
3.316633266533066,-0.45356232339328484,1.309594734824794,-0.8560324114003093,1249.9533468038267
3.3266533066132262,1.1074442626850955,-1.1916253501317895,0.08418108747020747,1253.7308129203666
3.3366733466933867,-1.32844789907825,0.6078715152561989,0.7205763838425369,1257.5082790369063
3.346693386773547,1.030159202352065,0.21348841726402135,-1.2436476196139998,1261.285745153446
3.356713426853707,-0.32919341547529357,-0.9514172103323657,1.2806106258182648,1265.0632112699857
3.3667334669338675,-0.5004516657975197,1.3174212637574088,-0.8169695979522039,1268.8406773865254
3.376753507014028,1.1344752261344062,-1.1684698310629307,0.033994604927503225,1272.6181435030653
3.3867735470941884,-1.3250493924984665,0.5627666176868896,0.7622827748220504,1276.3956096196052
3.3967935871743484,0.997654107140398,0.26291643033631906,-1.260570537446221,1280.1730757361447
3.406813627254509,-0.280291351282267,-0.9858279866062729,1.2661193378985798,1283.9505418526846
3.4168336673346693,-0.5466278931903662,1.3233724038848196,-0.7767445106924185,1287.7280079692243
3.4268537074148293,1.1598845573637278,-1.1436420540077263,-0.016242503358395464,1291.505474085764
3.4368737474949898,-1.3197788164619908,0.5168582233406244,0.8029205931157309,1295.2829402023037
3.44689378757515,0.963737085549473,0.3119832881980197,-1.2757203737499854,1299.0604063188437
3.4569138276553106,-0.23099119984564565,-1.0188366221584888,1.2498278219987198,1302.8378724353834
3.4669338677354706,-0.5920267041806121,1.3274425793638251,-0.7354158751767057,1306.615338551923
3.476953907815631,1.1836356656574238,-1.1171792231319777,-0.0664564425107382,1310.3928046684628
3.4869739478957915,-1.3126042128882716,0.4702075999386758,0.8423966129526158,1314.1702707850027
3.496993987975952,0.9284303715800227,0.360593971015454,-1.2890243425804562,1317.9477369015424
3.507014028056112,-0.18136294857337176,-1.0503969801224144,1.2317599286974221,1321.725203018082
3.5170340681362724,-0.6365837991866838,1.3296262153864769,-0.6930424161982437,1325.5026691346218
3.527054108216433,1.2056974937990441,-1.0891218977374535,-0.11657559607439982,1329.2801352511617
3.537074148296593,-1.303541439603936,0.4228834640459631,0.8806579755454822,1333.0576013677012
3.5470941883767533,0.8917918790145118,0.4086835366977356,-1.3004754157250853,1336.835067484241
3.5571142284569137,-0.13147658384474853,-1.0804629250752846,1.2119395089160792,1340.612533600781
3.567134268537074,-0.6802348801638418,1.3299177380729699,-0.6496828579284092,1344.3899997173207
3.577154308617234,1.2260409178182878,-1.0595120603196244,-0.16652885749958127,1348.1674658338604
3.5871743486973946,-1.2926131250428212,0.3749555625847685,0.9176575624494727,1351.9449319504001
3.597194388777555,0.8538795215460933,0.4561870443824645,-1.3100665659527486,1355.72239806694
3.6072144288577155,-0.08140209106110846,-1.1089883226767183,1.1903904137279142,1359.4998641834798
3.6172344689378755,-0.7229156501214353,1.328311574254505,-0.6053959241377166,1363.2773303000195
3.627254509018036,1.2446368146530828,-1.028391693347131,-0.2162451212980705,1367.0547964165592
3.6372745490981964,-1.2798418980793027,0.32649364181504215,0.9533482562508995,1370.832262533099
3.6472945891783564,0.8147512124934688,0.5030395540757626,-1.3177907665894488,1374.6097286496386
3.657314629258517,-0.031206588371011867,-1.1359380851571315,1.1671446735186761,1378.3871947661785
3.6673346693386772,-0.7645764369275222,1.3248202658989154,-0.560243828991841,1382.1646608827182
3.6773547094188377,1.2614805736189416,-0.9958157407384747,-0.2656648329255312,1385.942126999258
3.6873747494989977,-1.2652503877937644,0.2775674474472865,0.9876829403179844,1389.7195931157976
3.697394789579158,0.7744648650076352,0.5491761265889863,-1.3236409916218517,1393.4970592323375
3.7074148296593186,0.01903843638166995,-1.161274990488896,1.1422365540827883,1397.2745253488772
3.717434869739479,-0.8051444104040633,1.3194336785450713,-0.5142892681605208,1401.0519914654171
3.727454909819639,1.2765123759457158,-0.961810722452566,-0.3147016535206095,1404.8294575819566
3.7374749498997994,-1.248861223488561,0.22824672481085284,1.0206144986469459,1408.6069236984965
3.74749498997996,0.7330783920480104,0.5945318232706873,-1.3276102153408083,1412.3843898150365
3.75751503006012,0.06925120462439983,-1.1849330783549399,1.1156818737014047,1416.161855931576
3.7675350701402803,-0.8445475195217775,1.3121444787823846,-0.46759695928495537,1419.9393220481156
3.7775551102204408,1.2897051117883884,-0.926423520611194,-0.3632815911915346,1423.7167881646556
3.787575150300601,-1.230697034518672,0.17860121882219138,1.0520958156767157,1427.4942542811955
3.797595190380761,0.6906497064203974,0.6390417059504886,-1.329691412383709,1431.271720397735
3.8076152304609217,0.11936190105929745,-1.2068894541247925,1.0875275530598156,1435.0491865142749
3.817635270541082,-0.882737536151945,1.3029738666430288,-0.42023633049529796,1438.8266526308146
3.8276553106212425,1.301050213549169,-0.8897111315042278,-0.41133908205520037,1442.6041187473545
3.8376753507014025,-1.210780450476785,0.12870067424114517,1.082079776231628,1446.381584863894
3.847695390781563,0.6472367206713303,0.6826408368434406,-1.3298775575207578,1450.159050980434
3.8577154308617234,0.16930071063222185,-1.2271212234715314,1.05782051283013,1453.9365170969736
3.8677354709418834,-0.9196662325555587,1.2919430422898088,-0.37227680974298194,1457.7139832135133
3.877755511022044,1.3105391140708718,-0.851730551582917,-0.4588085624938196,1461.4914493300532
3.8877755511022043,-1.18913410083335,0.07861483546884229,1.1105192653627158,1465.268915446593
3.8977955911823647,0.6028979645198645,0.7252668529189856,-1.3281648174421246,1469.0463815631326
3.9078156312625247,0.21899781862884488,-1.2456054923761923,1.0266076737462864,1472.8238476796723
3.917835671342685,-0.9552853811350888,1.2790732059088212,-0.323787824771037,1476.601313796212
3.9278557114228456,1.3181632461996418,-0.8125387771249077,-0.5056244690729745,1480.378779912752
3.937875751503006,-1.1658059000556198,0.028407098472121535,1.1373988015792753,1484.1562460292917
3.947895791583166,0.5576995114875657,0.7668747447790965,-1.3245742562713116,1487.9337121458314
3.9579158316633265,0.2683834104258963,-1.262319366831291,0.9939359563966185,1491.7111782623713
3.967935871743487,-0.9895467545850767,1.2643855578490109,-0.27483880326742394,1495.488644378911
3.977955911823647,1.323914043013359,-0.7721928043613284,-0.5517212386462025,1499.2661104954507
3.9879759519038074,-1.1407977302255616,-0.021836993894742043,1.1626347241255743,1503.0435766119904
3.997995991983968,0.5116999142851602,0.8073689661009986,-1.319068880383164,1506.8210427285303
4.008016032064128,0.3173876716868594,-1.2772399531385525,0.9598522814709272,1510.5985088450702
4.018036072144288,-1.0224021256692997,1.2479012984332178,-0.22549917275020998,1514.3759749616106
4.028056112224449,1.3277829376313055,-0.7307496294955567,-0.5970333081108261,1518.1534410781508
4.038076152304609,-1.1141506822312959,-0.07204574841169711,1.1861964306602277,1521.9309071946911
4.04809619238477,0.46496816239502586,0.8467002715370933,-1.3116684339166464,1525.7083733112315
4.05811623246493,0.3659407880258254,-1.2903443575711626,0.9244035695521614,1529.485839427772
4.06813627254509,-1.0538032673031645,1.2296416280113758,-0.17583836070710812,1533.2633055443118
4.07815631262525,1.3297613632551482,-0.6882662487072877,-0.6414951145470981,1537.0407716608522
4.0881763527054105,-1.08591044098382,-0.12214908401107888,1.2080595249912154,1540.8182377773926
4.098196392785571,0.4175732451991906,0.8848194158120299,-1.302392661020215,1544.5957038939328
4.108216432865731,0.4139729452298645,-1.3016096865814606,0.8876367413217463,1548.3731700104731
4.118236472945892,-1.0837019525367968,1.2096277469901133,-0.12592579446791063,1552.1506361270135
4.128256513026052,1.329840753129653,-0.644799658086592,-0.6850410950583576,1555.928102243554
4.138276553106213,-1.0561226913789563,-0.17207691960543756,1.2281996109649436,1559.7055683600943
4.148296593186372,0.36958415209619677,0.9216771537560795,-1.2912613058727478,1563.4830344766342
4.158316633266533,0.46142180053784393,-1.3110255689218686,0.8496037683814738,1567.2605005931744
4.168336673346693,-1.1120691799901739,1.1878960720378995,-0.07582689205443438,1571.0379667097147
4.1783567134268536,1.328038222876597,-0.6004132365686046,-0.7276249863145706,1574.8154328262551
4.188376753507014,-1.0248331183194261,-0.2217591741994971,1.2465922925322015,1578.5928989427955
4.198396793587174,0.3210698724354179,0.9572242402708527,-1.2782941126949976,1582.3703650593359
4.208416833667335,0.5082187631511859,-1.3185773966881038,0.8103586335390692,1586.147831175876
4.218436873747494,-1.1388463723606712,1.1644649357946133,-0.0256185634400512,1589.9252972924162
4.228456913827655,1.3243260293562584,-0.5551656608372726,-0.7691603685250792,1593.7027634089563
4.238476953907815,-0.9920874066926826,-0.2711257668522515,1.2632131735336631,1597.480229525497
4.248496993987976,0.27209939550447254,0.9914114302650996,-1.263510825778404,1601.257695642037
4.258517034068136,0.5542770077634162,-1.3242245530833308,0.7699475453107452,1605.0351617585775
4.268537074148297,-1.163979239257867,1.1393571922691916,0.024622046980325094,1608.8126278751179
4.278557114228457,1.3187067214343575,-0.5091223176764749,-0.809584403762978,1612.590093991658
4.288577154308617,-0.9579312413927974,-0.32010661665328494,1.2780378580501364,1616.3675601081982
4.298597194388777,0.22274171058147152,1.0241894787130863,-1.2469311892870827,1620.1450262247386
4.3086172344689375,0.5995367464499798,-1.3279705471256273,0.7284338006691038,1623.9224923412787
4.318637274549098,-1.1874420137196497,1.1126173716238412,0.07482464210323839,1627.699958457819
4.328657314629258,1.3111986256299903,-0.4623518225282097,-0.848846803103972,1631.4774245743595
4.338677354709419,-0.9224103072697569,-0.3686316427389467,1.291041950004702,1635.2548906908999
4.348697394789579,0.17306580694925816,1.0555091406185597,-1.2285749475701402,1639.0323568074402
4.35871743486974,0.6439381913223214,-1.3298188878265838,0.6858806964912207,1642.8098229239804
4.368737474949899,-1.209208928841948,1.0842900041049612,0.12491892471824839,1646.5872890405205
4.37875751503006,1.3018200684597157,-0.4149227907853771,-0.8868972776908426,1650.3647551570607
4.38877755511022,-0.8855702892496551,-0.4166307642629837,1.3022010535119601,1654.1422212736013
4.398797595190381,0.12313977167293434,1.0853253681285486,-1.2084651398067157,1657.9196873901415
4.408817635270541,0.6874215544574351,-1.329773084257908,0.6423515297999949,1661.6971535066818
4.4188376753507015,-1.229254217640033,1.05441961981101,0.1748345978359942,1665.4746196232222
4.428857715430862,1.290589376505852,-0.3669038379253728,-0.9236855385781945,1669.2520857397624
4.4388777555110215,-0.8474726147189044,-0.4640519097677438,1.31152452446459,1673.0295518563025
4.448897795591182,0.07303013912859083,1.1136136598822455,-1.1866437990206327,1676.8070179728427
4.458917835671342,0.7299270480020159,-1.3278366454359478,0.5979095974247078,1680.584484089383
4.468937875751503,-1.247552113271932,1.0230507489658531,0.2245013642914801,1684.3619502059234
4.478957915831663,1.2775248762791744,-0.31836357932037773,-0.9591612969728569,1688.1394163224638
4.488977955911824,-0.8081548067143366,-0.5107986668543214,1.3189534735576138,1691.9168824390042
4.498997995991984,0.022820327159023948,1.1402892929113009,-1.163109620086882,1695.6943485555444
4.509018036072144,0.7713948840702729,-1.3240130804571746,0.5526181963822898,1699.4718146720845
4.519038076152304,-1.2640768488266247,0.9902279217446199,0.2738489270699253,1703.249280788625
4.529058116232465,1.2626448943575481,-0.2693706303919162,-0.9932742639687959,1707.026746905165
4.539078156312625,-0.7676773325657846,-0.5568073906771573,1.3244847232247614,1710.8042130217054
4.5490981963927855,-0.027419063121966986,1.1653250445757872,-1.1379059814696877,1714.5816791382458
4.559118236472946,0.8117652748552662,-1.3183058983857276,0.5065406235421602,1718.359145254786
4.569138276553106,-1.2788026573982563,0.9559956683254912,0.32280698909556793,1722.1366113713264
4.579158316633267,1.2459677572699843,-0.21999360650422983,-1.0259741507540012,1725.9140774878667
4.589178356713426,-0.7261028275356952,-0.6020175246867163,1.3281203522195526,1729.691543604407
4.599198396793587,-0.07761743065888332,1.188693692328413,-1.1110762616642949,1733.469009720947
4.609218436873747,0.8509784324701355,-1.3107186082398083,0.4597401757740916,1737.2464758374874
4.619238476953908,-1.291703772151504,0.9203985189102315,0.3713052532474671,1741.0239419540278
4.629258517034068,1.227511791589214,-0.17030112305137263,-1.0572106685263707,1744.801408070568
4.6392785571142285,-0.6834939267876594,-0.64636851245103,1.3298624392517453,1748.5788741871086
4.649298597194389,-0.12770417432107156,1.2103680134957497,-1.0826638391592838,1752.3563403036487
4.6593186372745485,0.8889857991495778,-1.301266478053307,0.41228067891093856,1756.1338064201886
4.669338677354709,-1.3027751885410583,0.8834903361277406,0.4192848524236699,1759.911272536729
4.679358717434869,1.207317377761426,-0.12035765946158478,-1.0869597182930382,1763.6887386532694
4.68937875751503,-0.6399132655196327,-0.6897997975434105,1.3297130630809129,1767.4662047698098
4.69939879759519,-0.1776086930194546,1.2303207854642664,-1.0527120924256825,1771.24367088635
4.709418837675351,0.925730863847574,-1.2899609831774763,0.36423011934915606,1775.0211370028903
4.719438877755511,-1.3119816257116739,0.8453166453648041,0.4666649803623788,1778.7986031194307
4.729458917835671,1.185387819761861,-0.0702430641574775,-1.1151447555913354,1782.5760692359706
4.739478957915831,-0.5954234789838639,-0.7322508234643204,1.3276743024611746,1786.353535352511
4.749498997995992,-0.227260385719871,1.24852478567646,-1.0212643999319977,1790.1310014690514
4.759519038076152,0.9611360697525694,-1.2767945637456652,0.31565849400544427,1793.9084675855918
4.7695390781563125,-1.3192957176168834,0.8059276457572531,0.5133680718582828,1797.6859337021322
4.779559118236473,1.1617532331431175,-0.020031206312048466,-1.1417220268220751,1801.4633998186723
4.789579158316633,-0.5500872023392842,-0.7736610337984909,1.3237482361324724,1805.2408659352127
4.799599198396794,-0.2765886512834726,1.264952791453842,-0.9883641401624217,1809.018332051753
4.809619238476953,0.9951600128999842,-1.2617966363393682,0.2666366234437754,1812.795798168293
4.819639278557114,-1.3247180338883695,0.7653852723679795,0.5593327615245144,1816.5732642848334
4.829659318637274,1.1364558089838976,0.030207118054969673,-1.166662927038447,1820.3507304013735
4.839679358717435,-0.5039670707801405,-0.8139698720446552,1.317936942829649,1824.1281965179141
4.849699398797595,-0.32552288867077983,1.2795775802828064,-0.9540546916112472,1827.9056626344543
4.859719438877756,1.0277612892456254,-1.2449966174295717,0.21723532818462243,1831.6831287509947
4.869739478957916,-1.3282491442983935,0.7237514603915773,0.6044976839158562,1835.460594867535
4.879759519038076,1.1095377383110783,0.08040111298601363,-1.1899388513082196,1839.238060984075
4.889779559118236,-0.45712571954082076,-0.8531167818001795,1.310242501327171,1843.0155271006154
4.8997995991983965,-0.3739952862509344,1.2923770613465932,-0.9183817750943609,1846.7929932171558
4.909819639278557,1.0588984947889695,-1.2264239235937422,0.16752542880053295,1850.570459333696
4.919839679358717,-1.3298896185296118,0.6810881449291328,0.6488014736008788,1854.3479254502363
4.929859719438878,1.081041212223768,0.1304799824646405,-1.2115211946793099,1858.1253915667767
4.939879759519038,-0.4096293763749024,-0.8910692507874585,1.3006986271612258,1861.902857683317
4.949899799599198,-0.42194593130822156,1.3033488294731876,-0.8814028981624741,1865.680323799857
4.959919839679358,1.0885302254589533,-1.2061079713265763,0.11757774586321534,1869.4577899163974
4.969939879759519,-1.3296400263432022,0.6374572611285096,0.6921827652046948,1873.2352560329377
4.979959919839679,1.0510084217511093,0.18037293048222652,-1.2313813522225312,1877.012722149478
4.98997995991984,-0.36154611904620165,-0.9277312026346622,1.289277321685865,1880.7901882660183
5.0,-0.4692614844886486,1.3124049643122677,-0.8431434798231686,1884.5676543825587
