Index,"('infinite_sources_0', 'i_bus_d')","('infinite_sources_0', 'i_bus_q')","('gfli_a_0', 'pi_cc_d')","('gfli_a_0', 'pi_cc_q')","('gfli_a_0', 'i_vsc_d')","('gfli_a_0', 'i_vsc_q')","('gfli_a_0', 'i_bus_d')","('gfli_a_0', 'i_bus_q')","('gfli_a_0', 'v_lcl_sh_d')","('gfli_a_0', 'v_lcl_sh_q')","('gfli_a_0', 'int_pll')","('gfli_a_0', 'phase_pll')","('gfli_a_1', 'pi_cc_d')","('gfli_a_1', 'pi_cc_q')","('gfli_a_1', 'i_vsc_d')","('gfli_a_1', 'i_vsc_q')","('gfli_a_1', 'i_bus_d')","('gfli_a_1', 'i_bus_q')","('gfli_a_1', 'v_lcl_sh_d')","('gfli_a_1', 'v_lcl_sh_q')","('gfli_a_1', 'int_pll')","('gfli_a_1', 'phase_pll')","('gfli_e_0', 'pi_cc_d')","('gfli_e_0', 'pi_cc_q')","('gfli_e_0', 'i_vsc_d')","('gfli_e_0', 'i_vsc_q')","('gfli_e_0', 'i_bus_d')","('gfli_e_0', 'i_bus_q')","('gfli_e_0', 'v_lcl_sh_d')","('gfli_e_0', 'v_lcl_sh_q')","('gfli_e_0', 'int_pll')","('gfli_e_0', 'phase_pll')","('gfli_e_0', 'int_vdc')","('gfli_e_0', 'v_dc')","('gfli_e_0', 'i_load')","('shunt_parallel_rc_0', 'v_bus_D')","('shunt_parallel_rc_0', 'v_bus_Q')","('shunt_parallel_rc_1', 'v_bus_D')","('shunt_parallel_rc_1', 'v_bus_Q')","('branch_series_rl_0', 'i_br_D')","('branch_series_rl_0', 'i_br_Q')"
"('infinite_sources_0', 'i_bus_d')",-18.84955592153876,376.99111843077515,0.0,0.0,0.0,0.0,0.0,0.0,0.0,0.0,0.0,0.0,0.0,0.0,0.0,0.0,0.0,0.0,0.0,0.0,0.0,0.0,0.0,0.0,0.0,0.0,0.0,0.0,0.0,0.0,0.0,0.0,0.0,0.0,0.0,-18846.506837214994,-339.0257719190754,0.0,0.0,0.0,0.0
"('infinite_sources_0', 'i_bus_q')",-376.99111843077515,-18.84955592153876,0.0,0.0,0.0,0.0,0.0,0.0,0.0,0.0,0.0,0.0,0.0,0.0,0.0,0.0,0.0,0.0,0.0,0.0,0.0,0.0,0.0,0.0,0.0,0.0,0.0,0.0,0.0,0.0,0.0,0.0,0.0,0.0,0.0,339.0257719190754,-18846.506837214994,0.0,0.0,0.0,0.0
"('gfli_a_0', 'pi_cc_d')",0.0,0.0,0.0,0.0,0.0,0.0,-6.0,0.0,0.0,0.0,0.0,0.0,0.0,0.0,0.0,0.0,0.0,0.0,0.0,0.0,0.0,0.0,0.0,0.0,0.0,0.0,0.0,0.0,0.0,0.0,0.0,0.0,0.0,0.0,0.0,0.0,0.0,0.0,0.0,0.0,0.0
"('gfli_a_0', 'pi_cc_q')",0.0,0.0,0.0,0.0,0.0,0.0,0.0,-6.0,0.0,0.0,0.0,0.0,0.0,0.0,0.0,0.0,0.0,0.0,0.0,0.0,0.0,0.0,0.0,0.0,0.0,0.0,0.0,0.0,0.0,0.0,0.0,0.0,0.0,0.0,0.0,0.0,0.0,0.0,0.0,0.0,0.0
"('gfli_a_0', 'i_vsc_d')",0.0,0.0,7539.822368615503,0.0,-7.5398223686155035,376.99111843077515,-3392.9200658769764,-1130.9733552923258,-7539.822368615503,0.0,0.029619999999999983,-2.9619999999999984,0.0,0.0,0.0,0.0,0.0,0.0,0.0,0.0,0.0,0.0,0.0,0.0,0.0,0.0,0.0,0.0,0.0,0.0,0.0,0.0,0.0,0.0,0.0,5654.8667764616275,2.9619999999999984,0.0,0.0,0.0,0.0
"('gfli_a_0', 'i_vsc_q')",0.0,0.0,0.0,7539.822368615503,-376.99111843077515,-7.5398223686155035,1130.9733552923258,-3392.9200658769764,0.0,-7539.822368615503,-0.20379599999999987,-5634.487176461627,0.0,0.0,0.0,0.0,0.0,0.0,0.0,0.0,0.0,0.0,0.0,0.0,0.0,0.0,0.0,0.0,0.0,0.0,0.0,0.0,0.0,0.0,0.0,0.0,5634.487176461627,0.0,0.0,0.0,0.0
"('gfli_a_0', 'i_bus_d')",0.0,0.0,0.0,0.0,0.0,0.0,-15.079644737231007,376.99111843077515,3769.9111843077517,0.0,0.01,-1.0000000000000002,0.0,0.0,0.0,0.0,0.0,0.0,0.0,0.0,0.0,0.0,0.0,0.0,0.0,0.0,0.0,0.0,0.0,0.0,0.0,0.0,0.0,0.0,0.0,-3769.9111843077517,1.0000000000000002,0.0,0.0,0.0,0.0
"('gfli_a_0', 'i_bus_q')",0.0,0.0,0.0,0.0,0.0,0.0,-376.99111843077515,-15.079644737231007,0.0,3769.9111843077517,0.8,3689.9111843077517,0.0,0.0,0.0,0.0,0.0,0.0,0.0,0.0,0.0,0.0,0.0,0.0,0.0,0.0,0.0,0.0,0.0,0.0,0.0,0.0,0.0,0.0,0.0,0.0,-3689.9111843077517,0.0,0.0,0.0,0.0
"('gfli_a_0', 'v_lcl_sh_d')",0.0,0.0,0.0,0.0,3769.9111843077517,0.0,-3769.9111843077517,0.0,-3769.9111843077517,376.99111843077515,-0.07996000000000002,7.996000000000002,0.0,0.0,0.0,0.0,0.0,0.0,0.0,0.0,0.0,0.0,0.0,0.0,0.0,0.0,0.0,0.0,0.0,0.0,0.0,0.0,0.0,0.0,0.0,0.0,-7.996000000000002,0.0,0.0,0.0,0.0
"('gfli_a_0', 'v_lcl_sh_q')",0.0,0.0,0.0,0.0,0.0,3769.9111843077517,0.0,-3769.9111843077517,-376.99111843077515,-3769.9111843077517,-0.9958,99.58,0.0,0.0,0.0,0.0,0.0,0.0,0.0,0.0,0.0,0.0,0.0,0.0,0.0,0.0,0.0,0.0,0.0,0.0,0.0,0.0,0.0,0.0,0.0,0.0,-99.58,0.0,0.0,0.0,0.0
"('gfli_a_0', 'int_pll')",0.0,0.0,0.0,0.0,0.0,0.0,0.0,0.0,0.0,0.0,0.0,-2500.0,0.0,0.0,0.0,0.0,0.0,0.0,0.0,0.0,0.0,0.0,0.0,0.0,0.0,0.0,0.0,0.0,0.0,0.0,0.0,0.0,0.0,0.0,0.0,0.0,2500.0,0.0,0.0,0.0,0.0
"('gfli_a_0', 'phase_pll')",0.0,0.0,0.0,0.0,0.0,0.0,0.0,0.0,0.0,0.0,1.0,-100.0,0.0,0.0,0.0,0.0,0.0,0.0,0.0,0.0,0.0,0.0,0.0,0.0,0.0,0.0,0.0,0.0,0.0,0.0,0.0,0.0,0.0,0.0,0.0,0.0,100.0,0.0,0.0,0.0,0.0
"('gfli_a_1', 'pi_cc_d')",0.0,0.0,0.0,0.0,0.0,0.0,0.0,0.0,0.0,0.0,0.0,0.0,0.0,0.0,0.0,0.0,-6.0,0.0,0.0,0.0,0.0,0.0,0.0,0.0,0.0,0.0,0.0,0.0,0.0,0.0,0.0,0.0,0.0,0.0,0.0,0.0,0.0,0.0,0.0,0.0,0.0
"('gfli_a_1', 'pi_cc_q')",0.0,0.0,0.0,0.0,0.0,0.0,0.0,0.0,0.0,0.0,0.0,0.0,0.0,0.0,0.0,0.0,0.0,-6.0,0.0,0.0,0.0,0.0,0.0,0.0,0.0,0.0,0.0,0.0,0.0,0.0,0.0,0.0,0.0,0.0,0.0,0.0,0.0,0.0,0.0,0.0,0.0
"('gfli_a_1', 'i_vsc_d')",0.0,0.0,0.0,0.0,0.0,0.0,0.0,0.0,0.0,0.0,0.0,0.0,7539.822368615503,0.0,-7.5398223686155035,376.99111843077515,-3392.9200658769764,-1130.9733552923258,-7539.822368615503,0.0,0.17038830710351094,-17.043606171497327,0.0,0.0,0.0,0.0,0.0,0.0,0.0,0.0,0.0,0.0,0.0,0.0,0.0,0.0,0.0,5654.891723281224,2.8599382872581387,0.0,0.0
"('gfli_a_1', 'i_vsc_q')",0.0,0.0,0.0,0.0,0.0,0.0,0.0,0.0,0.0,0.0,0.0,0.0,0.0,7539.822368615503,-376.99111843077515,-7.5398223686155035,1130.9733552923258,-3392.9200658769764,0.0,-7539.822368615503,-1.796261180287147,-5476.775200296443,0.0,0.0,0.0,0.0,0.0,0.0,0.0,0.0,0.0,0.0,0.0,0.0,0.0,0.0,0.0,13.728449863990031,5475.223447259592,0.0,0.0
"('gfli_a_1', 'i_bus_d')",0.0,0.0,0.0,0.0,0.0,0.0,0.0,0.0,0.0,0.0,0.0,0.0,0.0,0.0,0.0,0.0,-15.079644737231007,376.99111843077515,3769.9111843077517,0.0,-0.009997198092294447,1.0000000000000002,0.0,0.0,0.0,0.0,0.0,0.0,0.0,0.0,0.0,0.0,0.0,0.0,0.0,0.0,0.0,-3769.9018404277817,8.452842574873715,0.0,0.0
"('gfli_a_1', 'i_bus_q')",0.0,0.0,0.0,0.0,0.0,0.0,0.0,0.0,0.0,0.0,0.0,0.0,0.0,0.0,0.0,0.0,-376.99111843077515,-15.079644737231007,0.0,3769.9111843077517,-0.7997758473835557,3850.9677746742773,0.0,0.0,0.0,0.0,0.0,0.0,0.0,0.0,0.0,0.0,0.0,0.0,0.0,0.0,0.0,-9.65309257527961,-3849.876667093517,0.0,0.0
"('gfli_a_1', 'v_lcl_sh_d')",0.0,0.0,0.0,0.0,0.0,0.0,0.0,0.0,0.0,0.0,0.0,0.0,0.0,0.0,3769.9111843077517,0.0,-3769.9111843077517,0.0,-3769.9111843077517,376.99111843077515,0.07993759594598639,-7.9959999999999996,0.0,0.0,0.0,0.0,0.0,0.0,0.0,0.0,0.0,0.0,0.0,0.0,0.0,0.0,0.0,0.0200433067083934,7.993734466574055,0.0,0.0
"('gfli_a_1', 'v_lcl_sh_q')",0.0,0.0,0.0,0.0,0.0,0.0,0.0,0.0,0.0,0.0,0.0,0.0,0.0,0.0,0.0,3769.9111843077517,0.0,-3769.9111843077517,-376.99111843077515,-3769.9111843077517,-1.00447909249819,100.47606171497328,0.0,0.0,0.0,0.0,0.0,0.0,0.0,0.0,0.0,0.0,0.0,0.0,0.0,0.0,0.0,-0.25185999522319574,-100.44759349632363,0.0,0.0
"('gfli_a_1', 'int_pll')",0.0,0.0,0.0,0.0,0.0,0.0,0.0,0.0,0.0,0.0,0.0,0.0,0.0,0.0,0.0,0.0,0.0,0.0,0.0,0.0,0.0,-2500.700673248566,0.0,0.0,0.0,0.0,0.0,0.0,0.0,0.0,0.0,0.0,0.0,0.0,0.0,0.0,0.0,6.268423033992856,2499.992141362182,0.0,0.0
"('gfli_a_1', 'phase_pll')",0.0,0.0,0.0,0.0,0.0,0.0,0.0,0.0,0.0,0.0,0.0,0.0,0.0,0.0,0.0,0.0,0.0,0.0,0.0,0.0,1.0,-100.02802692994264,0.0,0.0,0.0,0.0,0.0,0.0,0.0,0.0,0.0,0.0,0.0,0.0,0.0,0.0,0.0,0.25073692135971426,99.99968565448727,0.0,0.0
"('gfli_e_0', 'pi_cc_d')",0.0,0.0,0.0,0.0,0.0,0.0,0.0,0.0,0.0,0.0,0.0,0.0,0.0,0.0,0.0,0.0,0.0,0.0,0.0,0.0,0.0,0.0,0.0,0.0,0.0,0.0,-6.0,0.0,0.0,0.0,0.0,0.0,6.0,12.0,0.0,0.0,0.0,0.0,0.0,0.0,0.0
"('gfli_e_0', 'pi_cc_q')",0.0,0.0,0.0,0.0,0.0,0.0,0.0,0.0,0.0,0.0,0.0,0.0,0.0,0.0,0.0,0.0,0.0,0.0,0.0,0.0,0.0,0.0,0.0,0.0,0.0,0.0,0.0,-6.0,0.0,0.0,0.0,0.0,0.0,0.0,0.0,0.0,0.0,0.0,0.0,0.0,0.0
"('gfli_e_0', 'i_vsc_d')",0.0,0.0,0.0,0.0,0.0,0.0,0.0,0.0,0.0,0.0,0.0,0.0,0.0,0.0,0.0,0.0,0.0,0.0,0.0,0.0,0.0,0.0,7539.822368615503,0.0,-7.5398223686155035,376.99111843077515,-3392.9200658769764,-1130.9733552923258,-7539.822368615503,0.0,0.02966774675637435,-2.967606171497332,3392.9200658769764,6785.840131753953,0.0,0.0,0.0,5654.8564394411505,-11.212073512578828,0.0,0.0
"('gfli_e_0', 'i_vsc_q')",0.0,0.0,0.0,0.0,0.0,0.0,0.0,0.0,0.0,0.0,0.0,0.0,0.0,0.0,0.0,0.0,0.0,0.0,0.0,0.0,0.0,0.0,0.0,7539.822368615503,-376.99111843077515,-7.5398223686155035,1130.9733552923258,-3392.9200658769764,0.0,-7539.822368615503,-0.2042993583117058,-5636.016000296442,0.0,0.0,0.0,0.0,0.0,14.127613470154355,5634.419129031081,0.0,0.0
"('gfli_e_0', 'i_bus_d')",0.0,0.0,0.0,0.0,0.0,0.0,0.0,0.0,0.0,0.0,0.0,0.0,0.0,0.0,0.0,0.0,0.0,0.0,0.0,0.0,0.0,0.0,0.0,0.0,0.0,0.0,-15.079644737231007,376.99111843077515,3769.9111843077517,0.0,0.009997198092294447,-1.0000000000000002,0.0,0.0,0.0,0.0,0.0,-3769.8968270944383,10.452275908183884,0.0,0.0
"('gfli_e_0', 'i_bus_q')",0.0,0.0,0.0,0.0,0.0,0.0,0.0,0.0,0.0,0.0,0.0,0.0,0.0,0.0,0.0,0.0,0.0,0.0,0.0,0.0,0.0,0.0,0.0,0.0,0.0,0.0,-376.99111843077515,-15.079644737231007,0.0,3769.9111843077517,0.7997758473835557,3690.9677746742773,0.0,0.0,0.0,0.0,0.0,-9.25202590777799,-3689.922000428703,0.0,0.0
"('gfli_e_0', 'v_lcl_sh_d')",0.0,0.0,0.0,0.0,0.0,0.0,0.0,0.0,0.0,0.0,0.0,0.0,0.0,0.0,0.0,0.0,0.0,0.0,0.0,0.0,0.0,0.0,0.0,0.0,3769.9111843077517,0.0,-3769.9111843077517,0.0,-3769.9111843077517,376.99111843077515,-0.07993759594598637,7.995999999999999,0.0,0.0,0.0,0.0,0.0,-0.020043306708393396,-7.993734466574054,0.0,0.0
"('gfli_e_0', 'v_lcl_sh_q')",0.0,0.0,0.0,0.0,0.0,0.0,0.0,0.0,0.0,0.0,0.0,0.0,0.0,0.0,0.0,0.0,0.0,0.0,0.0,0.0,0.0,0.0,0.0,0.0,0.0,3769.9111843077517,0.0,-3769.9111843077517,-376.99111843077515,-3769.9111843077517,-0.9960814461006627,99.6360617149733,0.0,0.0,0.0,0.0,0.0,-0.2497543952188123,-99.60783149633339,0.0,0.0
"('gfli_e_0', 'int_pll')",0.0,0.0,0.0,0.0,0.0,0.0,0.0,0.0,0.0,0.0,0.0,0.0,0.0,0.0,0.0,0.0,0.0,0.0,0.0,0.0,0.0,0.0,0.0,0.0,0.0,0.0,0.0,0.0,0.0,0.0,0.0,-2500.700673248566,0.0,0.0,0.0,0.0,0.0,6.268423033992856,2499.992141362182,0.0,0.0
"('gfli_e_0', 'phase_pll')",0.0,0.0,0.0,0.0,0.0,0.0,0.0,0.0,0.0,0.0,0.0,0.0,0.0,0.0,0.0,0.0,0.0,0.0,0.0,0.0,0.0,0.0,0.0,0.0,0.0,0.0,0.0,0.0,0.0,0.0,1.0,-100.02802692994264,0.0,0.0,0.0,0.0,0.0,0.25073692135971426,99.99968565448727,0.0,0.0
"('gfli_e_0', 'int_vdc')",0.0,0.0,0.0,0.0,0.0,0.0,0.0,0.0,0.0,0.0,0.0,0.0,0.0,0.0,0.0,0.0,0.0,0.0,0.0,0.0,0.0,0.0,0.0,0.0,0.0,0.0,0.0,0.0,0.0,0.0,0.0,0.0,0.0,10.0,0.0,0.0,0.0,0.0,0.0,0.0,0.0
"('gfli_e_0', 'v_dc')",0.0,0.0,0.0,0.0,0.0,0.0,0.0,0.0,0.0,0.0,0.0,0.0,0.0,0.0,0.0,0.0,0.0,0.0,0.0,0.0,0.0,0.0,-3.850952179230982,-0.5592238515503284,-18.751582680283352,1.3136813522041408,1.6490449029213927,0.8292935600822953,0.0,0.0,0.0,0.4195354386205687,-1.732928480653942,0.22610538192713622,-18.84955592153876,0.0,0.0,0.0,0.0,0.0,0.0
"('gfli_e_0', 'i_load')",0.0,0.0,0.0,0.0,0.0,0.0,0.0,0.0,0.0,0.0,0.0,0.0,0.0,0.0,0.0,0.0,0.0,0.0,0.0,0.0,0.0,0.0,0.0,0.0,0.0,0.0,0.0,0.0,0.0,0.0,0.0,0.0,0.0,0.0,-1000.0,0.0,0.0,0.0,0.0,0.0,0.0
"('shunt_parallel_rc_0', 'v_bus_D')",56539.51768466909,-1017.0772649033628,0.0,0.0,0.0,0.0,56548.66493718302,0.0,0.0,0.0,0.0,-565.4866493718303,0.0,0.0,0.0,0.0,0.0,0.0,0.0,0.0,0.0,0.0,0.0,0.0,0.0,0.0,0.0,0.0,0.0,0.0,0.0,0.0,0.0,0.0,0.0,-2827.433246859151,376.99111843077515,0.0,0.0,-56548.66493718302,0.0
"('shunt_parallel_rc_0', 'v_bus_Q')",1017.0772649033628,56539.51768466909,0.0,0.0,0.0,0.0,0.0,56548.66493718302,0.0,0.0,0.0,-45238.93194974642,0.0,0.0,0.0,0.0,0.0,0.0,0.0,0.0,0.0,0.0,0.0,0.0,0.0,0.0,0.0,0.0,0.0,0.0,0.0,0.0,0.0,0.0,0.0,-376.99111843077515,-2827.433246859151,0.0,0.0,0.0,-56548.66493718302
"('shunt_parallel_rc_1', 'v_bus_D')",0.0,0.0,0.0,0.0,0.0,0.0,0.0,0.0,0.0,0.0,0.0,0.0,0.0,0.0,0.0,0.0,56548.48717899228,141.78838153351288,0.0,0.0,0.0,678.7253511380668,0.0,0.0,0.0,0.0,56548.48717899228,141.78838153351288,0.0,0.0,0.0,-678.7253511380668,0.0,0.0,0.0,0.0,0.0,-2827.433246859151,376.99111843077515,56548.66493718302,0.0
"('shunt_parallel_rc_1', 'v_bus_Q')",0.0,0.0,0.0,0.0,0.0,0.0,0.0,0.0,0.0,0.0,0.0,0.0,0.0,0.0,0.0,0.0,-141.78838153351288,56548.48717899228,0.0,0.0,0.0,45224.69676529931,0.0,0.0,0.0,0.0,-141.78838153351288,56548.48717899228,0.0,0.0,0.0,-45224.69676529931,0.0,0.0,0.0,0.0,0.0,-376.99111843077515,-2827.433246859151,0.0,56548.66493718302
"('branch_series_rl_0', 'i_br_D')",0.0,0.0,0.0,0.0,0.0,0.0,0.0,0.0,0.0,0.0,0.0,0.0,0.0,0.0,0.0,0.0,0.0,0.0,0.0,0.0,0.0,0.0,0.0,0.0,0.0,0.0,0.0,0.0,0.0,0.0,0.0,0.0,0.0,0.0,0.0,7539.822368615503,0.0,-7539.822368615503,0.0,-7.5398223686155035,376.99111843077515
"('branch_series_rl_0', 'i_br_Q')",0.0,0.0,0.0,0.0,0.0,0.0,0.0,0.0,0.0,0.0,0.0,0.0,0.0,0.0,0.0,0.0,0.0,0.0,0.0,0.0,0.0,0.0,0.0,0.0,0.0,0.0,0.0,0.0,0.0,0.0,0.0,0.0,0.0,0.0,0.0,0.0,7539.822368615503,0.0,-7539.822368615503,-376.99111843077515,-7.5398223686155035
