Index,"('infinite_sources_0', 'i_bus_d')","('infinite_sources_0', 'i_bus_q')","('gfli_a_0', 'pi_cc_d')","('gfli_a_0', 'pi_cc_q')","('gfli_a_0', 'i_vsc_d')","('gfli_a_0', 'i_vsc_q')","('gfli_a_0', 'i_bus_d')","('gfli_a_0', 'i_bus_q')","('gfli_a_0', 'v_lcl_sh_d')","('gfli_a_0', 'v_lcl_sh_q')","('gfli_a_0', 'int_pll')","('gfli_a_0', 'phase_pll')","('gfli_a_1', 'pi_cc_d')","('gfli_a_1', 'pi_cc_q')","('gfli_a_1', 'i_vsc_d')","('gfli_a_1', 'i_vsc_q')","('gfli_a_1', 'i_bus_d')","('gfli_a_1', 'i_bus_q')","('gfli_a_1', 'v_lcl_sh_d')","('gfli_a_1', 'v_lcl_sh_q')","('gfli_a_1', 'int_pll')","('gfli_a_1', 'phase_pll')","('gfli_d_0', 'pi_cc_d')","('gfli_d_0', 'pi_cc_q')","('gfli_d_0', 'i_vsc_d')","('gfli_d_0', 'i_vsc_q')","('gfli_d_0', 'i_bus_d')","('gfli_d_0', 'i_bus_q')","('gfli_d_0', 'v_lcl_sh_d')","('gfli_d_0', 'v_lcl_sh_q')","('gfli_d_0', 'int_pll')","('gfli_d_0', 'phase_pll')","('gfli_d_0', 'i_l_f')","('gfli_d_0', 'v_dc_f')","('gfli_d_0', 'i_dc_f')","('gfli_d_0', 'i_load_f')","('gfli_d_0', 'x_1')","('gfli_d_0', 'x_2')","('gfli_d_0', 'i_L')","('gfli_d_0', 'v_dc')","('gfli_d_0', 'iload')","('gfli_d_0', 'soc')","('shunt_parallel_rc_0', 'v_bus_D')","('shunt_parallel_rc_0', 'v_bus_Q')","('shunt_parallel_rc_1', 'v_bus_D')","('shunt_parallel_rc_1', 'v_bus_Q')","('branch_series_rl_0', 'i_br_D')","('branch_series_rl_0', 'i_br_Q')"
"('infinite_sources_0', 'i_bus_d')",-18.84955592153876,376.99111843077515,0.0,0.0,0.0,0.0,0.0,0.0,0.0,0.0,0.0,0.0,0.0,0.0,0.0,0.0,0.0,0.0,0.0,0.0,0.0,0.0,0.0,0.0,0.0,0.0,0.0,0.0,0.0,0.0,0.0,0.0,0.0,0.0,0.0,0.0,0.0,0.0,0.0,0.0,0.0,0.0,-18846.506837214994,-339.0257719190754,0.0,0.0,0.0,0.0
"('infinite_sources_0', 'i_bus_q')",-376.99111843077515,-18.84955592153876,0.0,0.0,0.0,0.0,0.0,0.0,0.0,0.0,0.0,0.0,0.0,0.0,0.0,0.0,0.0,0.0,0.0,0.0,0.0,0.0,0.0,0.0,0.0,0.0,0.0,0.0,0.0,0.0,0.0,0.0,0.0,0.0,0.0,0.0,0.0,0.0,0.0,0.0,0.0,0.0,339.0257719190754,-18846.506837214994,0.0,0.0,0.0,0.0
"('gfli_a_0', 'pi_cc_d')",0.0,0.0,0.0,0.0,0.0,0.0,-6.0,0.0,0.0,0.0,0.0,0.0,0.0,0.0,0.0,0.0,0.0,0.0,0.0,0.0,0.0,0.0,0.0,0.0,0.0,0.0,0.0,0.0,0.0,0.0,0.0,0.0,0.0,0.0,0.0,0.0,0.0,0.0,0.0,0.0,0.0,0.0,0.0,0.0,0.0,0.0,0.0,0.0
"('gfli_a_0', 'pi_cc_q')",0.0,0.0,0.0,0.0,0.0,0.0,0.0,-6.0,0.0,0.0,0.0,0.0,0.0,0.0,0.0,0.0,0.0,0.0,0.0,0.0,0.0,0.0,0.0,0.0,0.0,0.0,0.0,0.0,0.0,0.0,0.0,0.0,0.0,0.0,0.0,0.0,0.0,0.0,0.0,0.0,0.0,0.0,0.0,0.0,0.0,0.0,0.0,0.0
"('gfli_a_0', 'i_vsc_d')",0.0,0.0,7539.822368615503,0.0,-7.5398223686155035,376.99111843077515,-3392.9200658769764,-1130.9733552923258,-7539.822368615503,0.0,0.029619999999999983,-2.9619999999999984,0.0,0.0,0.0,0.0,0.0,0.0,0.0,0.0,0.0,0.0,0.0,0.0,0.0,0.0,0.0,0.0,0.0,0.0,0.0,0.0,0.0,0.0,0.0,0.0,0.0,0.0,0.0,0.0,0.0,0.0,5654.8667764616275,2.9619999999999984,0.0,0.0,0.0,0.0
"('gfli_a_0', 'i_vsc_q')",0.0,0.0,0.0,7539.822368615503,-376.99111843077515,-7.5398223686155035,1130.9733552923258,-3392.9200658769764,0.0,-7539.822368615503,-0.20379599999999987,-5634.487176461627,0.0,0.0,0.0,0.0,0.0,0.0,0.0,0.0,0.0,0.0,0.0,0.0,0.0,0.0,0.0,0.0,0.0,0.0,0.0,0.0,0.0,0.0,0.0,0.0,0.0,0.0,0.0,0.0,0.0,0.0,0.0,5634.487176461627,0.0,0.0,0.0,0.0
"('gfli_a_0', 'i_bus_d')",0.0,0.0,0.0,0.0,0.0,0.0,-15.079644737231007,376.99111843077515,3769.9111843077517,0.0,0.01,-1.0000000000000002,0.0,0.0,0.0,0.0,0.0,0.0,0.0,0.0,0.0,0.0,0.0,0.0,0.0,0.0,0.0,0.0,0.0,0.0,0.0,0.0,0.0,0.0,0.0,0.0,0.0,0.0,0.0,0.0,0.0,0.0,-3769.9111843077517,1.0000000000000002,0.0,0.0,0.0,0.0
"('gfli_a_0', 'i_bus_q')",0.0,0.0,0.0,0.0,0.0,0.0,-376.99111843077515,-15.079644737231007,0.0,3769.9111843077517,0.8,3689.9111843077517,0.0,0.0,0.0,0.0,0.0,0.0,0.0,0.0,0.0,0.0,0.0,0.0,0.0,0.0,0.0,0.0,0.0,0.0,0.0,0.0,0.0,0.0,0.0,0.0,0.0,0.0,0.0,0.0,0.0,0.0,0.0,-3689.9111843077517,0.0,0.0,0.0,0.0
"('gfli_a_0', 'v_lcl_sh_d')",0.0,0.0,0.0,0.0,3769.9111843077517,0.0,-3769.9111843077517,0.0,-3769.9111843077517,376.99111843077515,-0.07996000000000002,7.996000000000002,0.0,0.0,0.0,0.0,0.0,0.0,0.0,0.0,0.0,0.0,0.0,0.0,0.0,0.0,0.0,0.0,0.0,0.0,0.0,0.0,0.0,0.0,0.0,0.0,0.0,0.0,0.0,0.0,0.0,0.0,0.0,-7.996000000000002,0.0,0.0,0.0,0.0
"('gfli_a_0', 'v_lcl_sh_q')",0.0,0.0,0.0,0.0,0.0,3769.9111843077517,0.0,-3769.9111843077517,-376.99111843077515,-3769.9111843077517,-0.9958,99.58,0.0,0.0,0.0,0.0,0.0,0.0,0.0,0.0,0.0,0.0,0.0,0.0,0.0,0.0,0.0,0.0,0.0,0.0,0.0,0.0,0.0,0.0,0.0,0.0,0.0,0.0,0.0,0.0,0.0,0.0,0.0,-99.58,0.0,0.0,0.0,0.0
"('gfli_a_0', 'int_pll')",0.0,0.0,0.0,0.0,0.0,0.0,0.0,0.0,0.0,0.0,0.0,-2500.0,0.0,0.0,0.0,0.0,0.0,0.0,0.0,0.0,0.0,0.0,0.0,0.0,0.0,0.0,0.0,0.0,0.0,0.0,0.0,0.0,0.0,0.0,0.0,0.0,0.0,0.0,0.0,0.0,0.0,0.0,0.0,2500.0,0.0,0.0,0.0,0.0
"('gfli_a_0', 'phase_pll')",0.0,0.0,0.0,0.0,0.0,0.0,0.0,0.0,0.0,0.0,1.0,-100.0,0.0,0.0,0.0,0.0,0.0,0.0,0.0,0.0,0.0,0.0,0.0,0.0,0.0,0.0,0.0,0.0,0.0,0.0,0.0,0.0,0.0,0.0,0.0,0.0,0.0,0.0,0.0,0.0,0.0,0.0,0.0,100.0,0.0,0.0,0.0,0.0
"('gfli_a_1', 'pi_cc_d')",0.0,0.0,0.0,0.0,0.0,0.0,0.0,0.0,0.0,0.0,0.0,0.0,0.0,0.0,0.0,0.0,-6.0,0.0,0.0,0.0,0.0,0.0,0.0,0.0,0.0,0.0,0.0,0.0,0.0,0.0,0.0,0.0,0.0,0.0,0.0,0.0,0.0,0.0,0.0,0.0,0.0,0.0,0.0,0.0,0.0,0.0,0.0,0.0
"('gfli_a_1', 'pi_cc_q')",0.0,0.0,0.0,0.0,0.0,0.0,0.0,0.0,0.0,0.0,0.0,0.0,0.0,0.0,0.0,0.0,0.0,-6.0,0.0,0.0,0.0,0.0,0.0,0.0,0.0,0.0,0.0,0.0,0.0,0.0,0.0,0.0,0.0,0.0,0.0,0.0,0.0,0.0,0.0,0.0,0.0,0.0,0.0,0.0,0.0,0.0,0.0,0.0
"('gfli_a_1', 'i_vsc_d')",0.0,0.0,0.0,0.0,0.0,0.0,0.0,0.0,0.0,0.0,0.0,0.0,7539.822368615503,0.0,-7.5398223686155035,376.99111843077515,-3392.9200658769764,-1130.9733552923258,-7539.822368615503,0.0,0.17038830710351094,-17.043606171497327,0.0,0.0,0.0,0.0,0.0,0.0,0.0,0.0,0.0,0.0,0.0,0.0,0.0,0.0,0.0,0.0,0.0,0.0,0.0,0.0,0.0,0.0,5654.891723281224,2.8599382872581387,0.0,0.0
"('gfli_a_1', 'i_vsc_q')",0.0,0.0,0.0,0.0,0.0,0.0,0.0,0.0,0.0,0.0,0.0,0.0,0.0,7539.822368615503,-376.99111843077515,-7.5398223686155035,1130.9733552923258,-3392.9200658769764,0.0,-7539.822368615503,-1.796261180287147,-5476.775200296443,0.0,0.0,0.0,0.0,0.0,0.0,0.0,0.0,0.0,0.0,0.0,0.0,0.0,0.0,0.0,0.0,0.0,0.0,0.0,0.0,0.0,0.0,13.728449863990031,5475.223447259592,0.0,0.0
"('gfli_a_1', 'i_bus_d')",0.0,0.0,0.0,0.0,0.0,0.0,0.0,0.0,0.0,0.0,0.0,0.0,0.0,0.0,0.0,0.0,-15.079644737231007,376.99111843077515,3769.9111843077517,0.0,-0.009997198092294447,1.0000000000000002,0.0,0.0,0.0,0.0,0.0,0.0,0.0,0.0,0.0,0.0,0.0,0.0,0.0,0.0,0.0,0.0,0.0,0.0,0.0,0.0,0.0,0.0,-3769.9018404277817,8.452842574873715,0.0,0.0
"('gfli_a_1', 'i_bus_q')",0.0,0.0,0.0,0.0,0.0,0.0,0.0,0.0,0.0,0.0,0.0,0.0,0.0,0.0,0.0,0.0,-376.99111843077515,-15.079644737231007,0.0,3769.9111843077517,-0.7997758473835557,3850.9677746742773,0.0,0.0,0.0,0.0,0.0,0.0,0.0,0.0,0.0,0.0,0.0,0.0,0.0,0.0,0.0,0.0,0.0,0.0,0.0,0.0,0.0,0.0,-9.65309257527961,-3849.876667093517,0.0,0.0
"('gfli_a_1', 'v_lcl_sh_d')",0.0,0.0,0.0,0.0,0.0,0.0,0.0,0.0,0.0,0.0,0.0,0.0,0.0,0.0,3769.9111843077517,0.0,-3769.9111843077517,0.0,-3769.9111843077517,376.99111843077515,0.07993759594598639,-7.9959999999999996,0.0,0.0,0.0,0.0,0.0,0.0,0.0,0.0,0.0,0.0,0.0,0.0,0.0,0.0,0.0,0.0,0.0,0.0,0.0,0.0,0.0,0.0,0.0200433067083934,7.993734466574055,0.0,0.0
"('gfli_a_1', 'v_lcl_sh_q')",0.0,0.0,0.0,0.0,0.0,0.0,0.0,0.0,0.0,0.0,0.0,0.0,0.0,0.0,0.0,3769.9111843077517,0.0,-3769.9111843077517,-376.99111843077515,-3769.9111843077517,-1.00447909249819,100.47606171497328,0.0,0.0,0.0,0.0,0.0,0.0,0.0,0.0,0.0,0.0,0.0,0.0,0.0,0.0,0.0,0.0,0.0,0.0,0.0,0.0,0.0,0.0,-0.25185999522319574,-100.44759349632363,0.0,0.0
"('gfli_a_1', 'int_pll')",0.0,0.0,0.0,0.0,0.0,0.0,0.0,0.0,0.0,0.0,0.0,0.0,0.0,0.0,0.0,0.0,0.0,0.0,0.0,0.0,0.0,-2500.700673248566,0.0,0.0,0.0,0.0,0.0,0.0,0.0,0.0,0.0,0.0,0.0,0.0,0.0,0.0,0.0,0.0,0.0,0.0,0.0,0.0,0.0,0.0,6.268423033992856,2499.992141362182,0.0,0.0
"('gfli_a_1', 'phase_pll')",0.0,0.0,0.0,0.0,0.0,0.0,0.0,0.0,0.0,0.0,0.0,0.0,0.0,0.0,0.0,0.0,0.0,0.0,0.0,0.0,1.0,-100.02802692994264,0.0,0.0,0.0,0.0,0.0,0.0,0.0,0.0,0.0,0.0,0.0,0.0,0.0,0.0,0.0,0.0,0.0,0.0,0.0,0.0,0.0,0.0,0.25073692135971426,99.99968565448727,0.0,0.0
"('gfli_d_0', 'pi_cc_d')",0.0,0.0,0.0,0.0,0.0,0.0,0.0,0.0,0.0,0.0,0.0,0.0,0.0,0.0,0.0,0.0,0.0,0.0,0.0,0.0,0.0,0.0,0.0,0.0,0.0,0.0,-6.0,0.0,0.0,0.0,0.0,0.0,0.0,0.0,0.0,0.0,0.0,0.0,0.0,0.0,0.0,0.0,0.0,0.0,0.0,0.0,0.0,0.0
"('gfli_d_0', 'pi_cc_q')",0.0,0.0,0.0,0.0,0.0,0.0,0.0,0.0,0.0,0.0,0.0,0.0,0.0,0.0,0.0,0.0,0.0,0.0,0.0,0.0,0.0,0.0,0.0,0.0,0.0,0.0,0.0,-6.0,0.0,0.0,0.0,0.0,0.0,0.0,0.0,0.0,0.0,0.0,0.0,0.0,0.0,0.0,0.0,0.0,0.0,0.0,0.0,0.0
"('gfli_d_0', 'i_vsc_d')",0.0,0.0,0.0,0.0,0.0,0.0,0.0,0.0,0.0,0.0,0.0,0.0,0.0,0.0,0.0,0.0,0.0,0.0,0.0,0.0,0.0,0.0,7539.822368615503,0.0,-7.5398223686155035,376.99111843077515,-3392.9200658769764,-1130.9733552923258,-7539.822368615503,0.0,0.01915863659384121,-1.916400617149733,0.0,0.0,0.0,0.0,0.0,0.0,0.0,0.0,0.0,0.0,0.0,0.0,5654.853804419222,-12.26298122534052,0.0,0.0
"('gfli_d_0', 'i_vsc_q')",0.0,0.0,0.0,0.0,0.0,0.0,0.0,0.0,0.0,0.0,0.0,0.0,0.0,0.0,0.0,0.0,0.0,0.0,0.0,0.0,0.0,0.0,0.0,7539.822368615503,-376.99111843077515,-7.5398223686155035,1130.9733552923258,-3392.9200658769764,0.0,-7539.822368615503,0.7890156569630892,-5735.375341394266,0.0,0.0,0.0,0.0,0.0,0.0,0.0,0.0,0.0,0.0,0.0,0.0,14.376674219024736,5733.750318314443,0.0,0.0
"('gfli_d_0', 'i_bus_d')",0.0,0.0,0.0,0.0,0.0,0.0,0.0,0.0,0.0,0.0,0.0,0.0,0.0,0.0,0.0,0.0,0.0,0.0,0.0,0.0,0.0,0.0,0.0,0.0,0.0,0.0,-15.079644737231007,376.99111843077515,3769.9111843077517,0.0,0.009997198092294447,-1.0000000000000002,0.0,0.0,0.0,0.0,0.0,0.0,0.0,0.0,0.0,0.0,0.0,0.0,-3769.8968270944383,10.452275908183884,0.0,0.0
"('gfli_d_0', 'i_bus_q')",0.0,0.0,0.0,0.0,0.0,0.0,0.0,0.0,0.0,0.0,0.0,0.0,0.0,0.0,0.0,0.0,0.0,0.0,0.0,0.0,0.0,0.0,0.0,0.0,0.0,0.0,-376.99111843077515,-15.079644737231007,0.0,3769.9111843077517,0.7997758473835557,3690.9677746742773,0.0,0.0,0.0,0.0,0.0,0.0,0.0,0.0,0.0,0.0,0.0,0.0,-9.25202590777799,-3689.922000428703,0.0,0.0
"('gfli_d_0', 'v_lcl_sh_d')",0.0,0.0,0.0,0.0,0.0,0.0,0.0,0.0,0.0,0.0,0.0,0.0,0.0,0.0,0.0,0.0,0.0,0.0,0.0,0.0,0.0,0.0,0.0,0.0,37699.11184307752,0.0,-37699.11184307752,0.0,-376.99111843077515,376.99111843077515,-0.07993759594598637,7.995999999999999,0.0,0.0,0.0,0.0,0.0,0.0,0.0,0.0,0.0,0.0,0.0,0.0,-0.020043306708393396,-7.993734466574054,0.0,0.0
"('gfli_d_0', 'v_lcl_sh_q')",0.0,0.0,0.0,0.0,0.0,0.0,0.0,0.0,0.0,0.0,0.0,0.0,0.0,0.0,0.0,0.0,0.0,0.0,0.0,0.0,0.0,0.0,0.0,0.0,0.0,37699.11184307752,0.0,-37699.11184307752,-376.99111843077515,-376.99111843077515,-0.9960814461006627,99.6360617149733,0.0,0.0,0.0,0.0,0.0,0.0,0.0,0.0,0.0,0.0,0.0,0.0,-0.2497543952188123,-99.60783149633339,0.0,0.0
"('gfli_d_0', 'int_pll')",0.0,0.0,0.0,0.0,0.0,0.0,0.0,0.0,0.0,0.0,0.0,0.0,0.0,0.0,0.0,0.0,0.0,0.0,0.0,0.0,0.0,0.0,0.0,0.0,0.0,0.0,0.0,0.0,0.0,0.0,0.0,-2500.700673248566,0.0,0.0,0.0,0.0,0.0,0.0,0.0,0.0,0.0,0.0,0.0,0.0,6.268423033992856,2499.992141362182,0.0,0.0
"('gfli_d_0', 'phase_pll')",0.0,0.0,0.0,0.0,0.0,0.0,0.0,0.0,0.0,0.0,0.0,0.0,0.0,0.0,0.0,0.0,0.0,0.0,0.0,0.0,0.0,0.0,0.0,0.0,0.0,0.0,0.0,0.0,0.0,0.0,1.0,-100.02802692994264,0.0,0.0,0.0,0.0,0.0,0.0,0.0,0.0,0.0,0.0,0.0,0.0,0.25073692135971426,99.99968565448727,0.0,0.0
"('gfli_d_0', 'i_l_f')",0.0,0.0,0.0,0.0,0.0,0.0,0.0,0.0,0.0,0.0,0.0,0.0,0.0,0.0,0.0,0.0,0.0,0.0,0.0,0.0,0.0,0.0,0.0,0.0,0.0,0.0,0.0,0.0,0.0,0.0,0.0,0.0,-100.0,0.0,0.0,0.0,0.0,0.0,100.0,0.0,0.0,0.0,0.0,0.0,0.0,0.0,0.0,0.0
"('gfli_d_0', 'v_dc_f')",0.0,0.0,0.0,0.0,0.0,0.0,0.0,0.0,0.0,0.0,0.0,0.0,0.0,0.0,0.0,0.0,0.0,0.0,0.0,0.0,0.0,0.0,0.0,0.0,0.0,0.0,0.0,0.0,0.0,0.0,0.0,0.0,0.0,-100.0,0.0,0.0,0.0,0.0,0.0,100.0,0.0,0.0,0.0,0.0,0.0,0.0,0.0,0.0
"('gfli_d_0', 'i_dc_f')",0.0,0.0,0.0,0.0,0.0,0.0,0.0,0.0,0.0,0.0,0.0,0.0,0.0,0.0,0.0,0.0,0.0,0.0,0.0,0.0,0.0,0.0,-78.90156569630892,1.915863659384121,99.43344986140076,-11.936922015754702,35.79308411224663,10.973096207723485,0.0,0.0,0.0,-1.4373004628622998,0.0,0.0,-100.0,0.0,0.0,0.0,0.0,78.68324391744838,0.0,0.0,0.0,0.0,0.0,0.0,0.0,0.0
"('gfli_d_0', 'i_load_f')",0.0,0.0,0.0,0.0,0.0,0.0,0.0,0.0,0.0,0.0,0.0,0.0,0.0,0.0,0.0,0.0,0.0,0.0,0.0,0.0,0.0,0.0,0.0,0.0,0.0,0.0,0.0,0.0,0.0,0.0,0.0,0.0,0.0,0.0,0.0,-100.0,0.0,0.0,0.0,0.0,100.0,0.0,0.0,0.0,0.0,0.0,0.0,0.0
"('gfli_d_0', 'x_1')",0.0,0.0,0.0,0.0,0.0,0.0,0.0,0.0,0.0,0.0,0.0,0.0,0.0,0.0,0.0,0.0,0.0,0.0,0.0,0.0,0.0,0.0,0.0,0.0,0.0,0.0,0.0,0.0,0.0,0.0,0.0,0.0,0.0,-20.0,0.0,0.0,0.0,0.0,0.0,0.0,0.0,0.0,0.0,0.0,0.0,0.0,0.0,0.0
"('gfli_d_0', 'x_2')",0.0,0.0,0.0,0.0,0.0,0.0,0.0,0.0,0.0,0.0,0.0,0.0,0.0,0.0,0.0,0.0,0.0,0.0,0.0,0.0,0.0,0.0,0.0,0.0,0.0,0.0,0.0,0.0,0.0,0.0,0.0,0.0,-10.0,-12.0,10.0,10.0,10.0,0.0,0.0,0.0,0.0,0.0,0.0,0.0,0.0,0.0,0.0,0.0
"('gfli_d_0', 'i_L')",0.0,0.0,0.0,0.0,0.0,0.0,0.0,0.0,0.0,0.0,0.0,0.0,0.0,0.0,0.0,0.0,0.0,0.0,0.0,0.0,0.0,0.0,0.0,0.0,0.0,0.0,0.0,0.0,0.0,0.0,0.0,0.0,-3769.9111843077517,-4523.893421169302,3769.9111843077517,3769.9111843077517,3769.9111843077517,3769.9111843077517,0.0,-1884.9555921538758,0.0,0.0,0.0,0.0,0.0,0.0,0.0,0.0
"('gfli_d_0', 'v_dc')",0.0,0.0,0.0,0.0,0.0,0.0,0.0,0.0,0.0,0.0,0.0,0.0,0.0,0.0,0.0,0.0,0.0,0.0,0.0,0.0,0.0,0.0,14.872594748895391,-0.3611317918560487,-18.74276373633994,2.250056790670154,-6.746837405781333,-2.068379905999087,0.0,0.0,0.0,0.2709247545077646,-7.04341702035384,-8.452100424424607,7.04341702035384,7.04341702035384,7.04341702035384,7.04341702035384,9.42477796076938,-14.831442063100175,-18.84955592153876,0.0,0.0,0.0,0.0,0.0,0.0,0.0
"('gfli_d_0', 'iload')",0.0,0.0,0.0,0.0,0.0,0.0,0.0,0.0,0.0,0.0,0.0,0.0,0.0,0.0,0.0,0.0,0.0,0.0,0.0,0.0,0.0,0.0,0.0,0.0,0.0,0.0,0.0,0.0,0.0,0.0,0.0,0.0,0.0,0.0,0.0,0.0,0.0,0.0,0.0,0.0,-999.9999999999999,0.0,0.0,0.0,0.0,0.0,0.0,0.0
"('gfli_d_0', 'soc')",0.0,0.0,0.0,0.0,0.0,0.0,0.0,0.0,0.0,0.0,0.0,0.0,0.0,0.0,0.0,0.0,0.0,0.0,0.0,0.0,0.0,0.0,0.0,0.0,0.0,0.0,0.0,0.0,0.0,0.0,0.0,0.0,0.0,0.0,0.0,0.0,0.0,0.0,376.99111843077515,0.0,0.0,0.0,0.0,0.0,0.0,0.0,0.0,0.0
"('shunt_parallel_rc_0', 'v_bus_D')",56539.51768466909,-1017.0772649033628,0.0,0.0,0.0,0.0,56548.66493718302,0.0,0.0,0.0,0.0,-565.4866493718303,0.0,0.0,0.0,0.0,0.0,0.0,0.0,0.0,0.0,0.0,0.0,0.0,0.0,0.0,0.0,0.0,0.0,0.0,0.0,0.0,0.0,0.0,0.0,0.0,0.0,0.0,0.0,0.0,0.0,0.0,-2827.433246859151,376.99111843077515,0.0,0.0,-56548.66493718302,0.0
"('shunt_parallel_rc_0', 'v_bus_Q')",1017.0772649033628,56539.51768466909,0.0,0.0,0.0,0.0,0.0,56548.66493718302,0.0,0.0,0.0,-45238.93194974642,0.0,0.0,0.0,0.0,0.0,0.0,0.0,0.0,0.0,0.0,0.0,0.0,0.0,0.0,0.0,0.0,0.0,0.0,0.0,0.0,0.0,0.0,0.0,0.0,0.0,0.0,0.0,0.0,0.0,0.0,-376.99111843077515,-2827.433246859151,0.0,0.0,0.0,-56548.66493718302
"('shunt_parallel_rc_1', 'v_bus_D')",0.0,0.0,0.0,0.0,0.0,0.0,0.0,0.0,0.0,0.0,0.0,0.0,0.0,0.0,0.0,0.0,56548.48717899228,141.78838153351288,0.0,0.0,0.0,678.7253511380668,0.0,0.0,0.0,0.0,56548.48717899228,141.78838153351288,0.0,0.0,0.0,-678.7253511380668,0.0,0.0,0.0,0.0,0.0,0.0,0.0,0.0,0.0,0.0,0.0,0.0,-2827.433246859151,376.99111843077515,56548.66493718302,0.0
"('shunt_parallel_rc_1', 'v_bus_Q')",0.0,0.0,0.0,0.0,0.0,0.0,0.0,0.0,0.0,0.0,0.0,0.0,0.0,0.0,0.0,0.0,-141.78838153351288,56548.48717899228,0.0,0.0,0.0,45224.69676529931,0.0,0.0,0.0,0.0,-141.78838153351288,56548.48717899228,0.0,0.0,0.0,-45224.69676529931,0.0,0.0,0.0,0.0,0.0,0.0,0.0,0.0,0.0,0.0,0.0,0.0,-376.99111843077515,-2827.433246859151,0.0,56548.66493718302
"('branch_series_rl_0', 'i_br_D')",0.0,0.0,0.0,0.0,0.0,0.0,0.0,0.0,0.0,0.0,0.0,0.0,0.0,0.0,0.0,0.0,0.0,0.0,0.0,0.0,0.0,0.0,0.0,0.0,0.0,0.0,0.0,0.0,0.0,0.0,0.0,0.0,0.0,0.0,0.0,0.0,0.0,0.0,0.0,0.0,0.0,0.0,7539.822368615503,0.0,-7539.822368615503,0.0,-7.5398223686155035,376.99111843077515
"('branch_series_rl_0', 'i_br_Q')",0.0,0.0,0.0,0.0,0.0,0.0,0.0,0.0,0.0,0.0,0.0,0.0,0.0,0.0,0.0,0.0,0.0,0.0,0.0,0.0,0.0,0.0,0.0,0.0,0.0,0.0,0.0,0.0,0.0,0.0,0.0,0.0,0.0,0.0,0.0,0.0,0.0,0.0,0.0,0.0,0.0,0.0,0.0,7539.822368615503,0.0,-7539.822368615503,-376.99111843077515,-7.5398223686155035
