Index,"('infinite_sources_0', 'i_bus_d')","('infinite_sources_0', 'i_bus_q')","('gfmi_e_0', 'angle_pc')","('gfmi_e_0', 'w_pc')","('gfmi_e_0', 'p_pc')","('gfmi_e_0', 'q_pc')","('gfmi_e_0', 'pi_vc')","('gfmi_e_0', 'i_vsc_d')","('gfmi_e_0', 'i_vsc_q')","('gfmi_e_0', 'i_bus_d')","('gfmi_e_0', 'i_bus_q')","('gfmi_e_0', 'v_lcl_sh_d')","('gfmi_e_0', 'v_lcl_sh_q')","('gfmi_e_0', 'i_l_f')","('gfmi_e_0', 'v_dc_f')","('gfmi_e_0', 'i_dc_f')","('gfmi_e_0', 'i_load_f')","('gfmi_e_0', 'x_1')","('gfmi_e_0', 'x_2')","('gfmi_e_0', 'i_L')","('gfmi_e_0', 'v_dc')","('gfmi_e_0', 'i_load')","('gfli_a_0', 'pi_cc_d')","('gfli_a_0', 'pi_cc_q')","('gfli_a_0', 'i_vsc_d')","('gfli_a_0', 'i_vsc_q')","('gfli_a_0', 'i_bus_d')","('gfli_a_0', 'i_bus_q')","('gfli_a_0', 'v_lcl_sh_d')","('gfli_a_0', 'v_lcl_sh_q')","('gfli_a_0', 'int_pll')","('gfli_a_0', 'phase_pll')","('gfli_a_1', 'pi_cc_d')","('gfli_a_1', 'pi_cc_q')","('gfli_a_1', 'i_vsc_d')","('gfli_a_1', 'i_vsc_q')","('gfli_a_1', 'i_bus_d')","('gfli_a_1', 'i_bus_q')","('gfli_a_1', 'v_lcl_sh_d')","('gfli_a_1', 'v_lcl_sh_q')","('gfli_a_1', 'int_pll')","('gfli_a_1', 'phase_pll')","('shunt_parallel_rc_0', 'v_bus_D')","('shunt_parallel_rc_0', 'v_bus_Q')","('shunt_parallel_rc_1', 'v_bus_D')","('shunt_parallel_rc_1', 'v_bus_Q')","('branch_series_rl_0', 'i_br_D')","('branch_series_rl_0', 'i_br_Q')"
"('infinite_sources_0', 'i_bus_d')",-18.84955592153876,376.99111843077515,0.0,0.0,0.0,0.0,0.0,0.0,0.0,0.0,0.0,0.0,0.0,0.0,0.0,0.0,0.0,0.0,0.0,0.0,0.0,0.0,0.0,0.0,0.0,0.0,0.0,0.0,0.0,0.0,0.0,0.0,0.0,0.0,0.0,0.0,0.0,0.0,0.0,0.0,0.0,0.0,-18846.506837214994,-339.0257719190754,0.0,0.0,0.0,0.0
"('infinite_sources_0', 'i_bus_q')",-376.99111843077515,-18.84955592153876,0.0,0.0,0.0,0.0,0.0,0.0,0.0,0.0,0.0,0.0,0.0,0.0,0.0,0.0,0.0,0.0,0.0,0.0,0.0,0.0,0.0,0.0,0.0,0.0,0.0,0.0,0.0,0.0,0.0,0.0,0.0,0.0,0.0,0.0,0.0,0.0,0.0,0.0,0.0,0.0,339.0257719190754,-18846.506837214994,0.0,0.0,0.0,0.0
"('gfmi_e_0', 'angle_pc')",0.0,0.0,0.0,376.99111843077515,0.0,0.0,0.0,0.0,0.0,0.0,0.0,0.0,0.0,0.0,0.0,0.0,0.0,0.0,0.0,0.0,0.0,0.0,0.0,0.0,0.0,0.0,0.0,0.0,0.0,0.0,0.0,0.0,0.0,0.0,0.0,0.0,0.0,0.0,0.0,0.0,0.0,0.0,0.0,0.0,0.0,0.0,0.0,0.0
"('gfmi_e_0', 'w_pc')",0.0,0.0,0.0,-70.0,-1.0,0.0,0.0,0.0,0.0,0.0,0.0,0.0,0.0,0.0,0.0,0.0,0.0,0.0,0.0,0.0,0.0,0.0,0.0,0.0,0.0,0.0,0.0,0.0,0.0,0.0,0.0,0.0,0.0,0.0,0.0,0.0,0.0,0.0,0.0,0.0,0.0,0.0,0.0,0.0,0.0,0.0,0.0,0.0
"('gfmi_e_0', 'p_pc')",0.0,0.0,0.0,0.0,-1000.0,0.0,0.0,0.0,0.0,985.5978863429808,57.64412200838674,-782.5413735889047,-165.4398641481896,0.0,0.0,0.0,0.0,0.0,0.0,0.0,0.0,0.0,0.0,0.0,0.0,0.0,0.0,0.0,0.0,0.0,0.0,0.0,0.0,0.0,0.0,0.0,0.0,0.0,0.0,0.0,0.0,0.0,0.0,0.0,0.0,0.0,0.0,0.0
"('gfmi_e_0', 'q_pc')",0.0,0.0,0.0,0.0,0.0,-1000.0,0.0,0.0,0.0,57.64412200838674,-985.5978863429808,165.4398641481896,-782.5413735889047,0.0,0.0,0.0,0.0,0.0,0.0,0.0,0.0,0.0,0.0,0.0,0.0,0.0,0.0,0.0,0.0,0.0,0.0,0.0,0.0,0.0,0.0,0.0,0.0,0.0,0.0,0.0,0.0,0.0,0.0,0.0,0.0,0.0,0.0,0.0
"('gfmi_e_0', 'pi_vc')",0.0,0.0,0.0,0.0,0.0,-0.1,0.0,0.0,0.0,0.0,0.0,-9.98294042938134,-0.5838667514283401,0.0,0.0,0.0,0.0,0.0,0.0,0.0,0.0,0.0,0.0,0.0,0.0,0.0,0.0,0.0,0.0,0.0,0.0,0.0,0.0,0.0,0.0,0.0,0.0,0.0,0.0,0.0,0.0,0.0,0.0,0.0,0.0,0.0,0.0,0.0
"('gfmi_e_0', 'i_vsc_d')",0.0,0.0,0.0,311.365422279877,0.0,-37.69911184307752,3769.9111843077517,-75.39822368615502,376.99111843077515,0.0,0.0,-7533.391062008026,-220.11257963551336,0.0,0.0,0.0,0.0,0.0,0.0,0.0,0.0,0.0,0.0,0.0,0.0,0.0,0.0,0.0,0.0,0.0,0.0,0.0,0.0,0.0,0.0,0.0,0.0,0.0,0.0,0.0,0.0,0.0,0.0,0.0,0.0,0.0,0.0,0.0
"('gfmi_e_0', 'i_vsc_q')",0.0,0.0,0.0,279.5863047249931,0.0,0.0,0.0,-376.99111843077515,-75.39822368615502,0.0,0.0,0.0,-3769.9111843077517,0.0,0.0,0.0,0.0,0.0,0.0,0.0,0.0,0.0,0.0,0.0,0.0,0.0,0.0,0.0,0.0,0.0,0.0,0.0,0.0,0.0,0.0,0.0,0.0,0.0,0.0,0.0,0.0,0.0,0.0,0.0,0.0,0.0,0.0,0.0
"('gfmi_e_0', 'i_bus_d')",0.0,0.0,-413.0231616948843,-62.369359418261496,0.0,0.0,0.0,0.0,0.0,-56.54866776461627,376.99111843077515,1884.9555921538758,0.0,0.0,0.0,0.0,0.0,0.0,0.0,0.0,0.0,0.0,0.0,0.0,0.0,0.0,0.0,0.0,0.0,0.0,0.0,0.0,0.0,0.0,0.0,0.0,0.0,0.0,0.0,0.0,0.0,0.0,0.0,0.0,-1838.1340031319558,417.51762947480404,0.0,0.0
"('gfmi_e_0', 'i_bus_q')",0.0,0.0,1839.6905602061258,295.0111476476362,0.0,0.0,0.0,0.0,0.0,-376.99111843077515,-56.54866776461627,0.0,1884.9555921538758,0.0,0.0,0.0,0.0,0.0,0.0,0.0,0.0,0.0,0.0,0.0,0.0,0.0,0.0,0.0,0.0,0.0,0.0,0.0,0.0,0.0,0.0,0.0,0.0,0.0,0.0,0.0,0.0,0.0,0.0,0.0,-417.51762947480404,-1838.1340031319558,0.0,0.0
"('gfmi_e_0', 'v_lcl_sh_d')",0.0,0.0,0.0,21.731322026901776,0.0,0.0,0.0,376.99111843077515,0.0,-376.99111843077515,0.0,-37.69911184307752,376.99111843077515,0.0,0.0,0.0,0.0,0.0,0.0,0.0,0.0,0.0,0.0,0.0,0.0,0.0,0.0,0.0,0.0,0.0,0.0,0.0,0.0,0.0,0.0,0.0,0.0,0.0,0.0,0.0,0.0,0.0,0.0,0.0,0.0,0.0,0.0,0.0
"('gfmi_e_0', 'v_lcl_sh_q')",0.0,0.0,0.0,-371.56164949544836,0.0,0.0,0.0,0.0,376.99111843077515,0.0,-376.99111843077515,-376.99111843077515,-37.69911184307752,0.0,0.0,0.0,0.0,0.0,0.0,0.0,0.0,0.0,0.0,0.0,0.0,0.0,0.0,0.0,0.0,0.0,0.0,0.0,0.0,0.0,0.0,0.0,0.0,0.0,0.0,0.0,0.0,0.0,0.0,0.0,0.0,0.0,0.0,0.0
"('gfmi_e_0', 'i_l_f')",0.0,0.0,0.0,0.0,0.0,0.0,0.0,0.0,0.0,0.0,0.0,0.0,0.0,-100.0,0.0,0.0,0.0,0.0,0.0,100.0,0.0,0.0,0.0,0.0,0.0,0.0,0.0,0.0,0.0,0.0,0.0,0.0,0.0,0.0,0.0,0.0,0.0,0.0,0.0,0.0,0.0,0.0,0.0,0.0,0.0,0.0,0.0,0.0
"('gfmi_e_0', 'v_dc_f')",0.0,0.0,0.0,0.0,0.0,0.0,0.0,0.0,0.0,0.0,0.0,0.0,0.0,0.0,-100.0,0.0,0.0,0.0,0.0,0.0,100.0,0.0,0.0,0.0,0.0,0.0,0.0,0.0,0.0,0.0,0.0,0.0,0.0,0.0,0.0,0.0,0.0,0.0,0.0,0.0,0.0,0.0,0.0,0.0,0.0,0.0,0.0,0.0
"('gfmi_e_0', 'i_dc_f')",0.0,0.0,0.0,0.0,0.0,0.7063101971076126,-70.63101971076125,84.58791702515789,-1.4112965881351893e-15,0.0,0.0,70.51052622389888,4.123910402859323,0.0,0.0,-100.0,0.0,0.0,0.0,0.0,59.74530834696166,0.0,0.0,0.0,0.0,0.0,0.0,0.0,0.0,0.0,0.0,0.0,0.0,0.0,0.0,0.0,0.0,0.0,0.0,0.0,0.0,0.0,0.0,0.0,0.0,0.0,0.0,0.0
"('gfmi_e_0', 'i_load_f')",0.0,0.0,0.0,0.0,0.0,0.0,0.0,0.0,0.0,0.0,0.0,0.0,0.0,0.0,0.0,0.0,-100.0,0.0,0.0,0.0,0.0,100.0,0.0,0.0,0.0,0.0,0.0,0.0,0.0,0.0,0.0,0.0,0.0,0.0,0.0,0.0,0.0,0.0,0.0,0.0,0.0,0.0,0.0,0.0,0.0,0.0,0.0,0.0
"('gfmi_e_0', 'x_1')",0.0,0.0,0.0,0.0,0.0,0.0,0.0,0.0,0.0,0.0,0.0,0.0,0.0,0.0,-20.0,0.0,0.0,0.0,0.0,0.0,0.0,0.0,0.0,0.0,0.0,0.0,0.0,0.0,0.0,0.0,0.0,0.0,0.0,0.0,0.0,0.0,0.0,0.0,0.0,0.0,0.0,0.0,0.0,0.0,0.0,0.0,0.0,0.0
"('gfmi_e_0', 'x_2')",0.0,0.0,0.0,0.0,0.0,0.0,0.0,0.0,0.0,0.0,0.0,0.0,0.0,-10.0,-12.0,10.0,10.0,10.0,0.0,0.0,0.0,0.0,0.0,0.0,0.0,0.0,0.0,0.0,0.0,0.0,0.0,0.0,0.0,0.0,0.0,0.0,0.0,0.0,0.0,0.0,0.0,0.0,0.0,0.0,0.0,0.0,0.0,0.0
"('gfmi_e_0', 'i_L')",0.0,0.0,0.0,0.0,0.0,0.0,0.0,0.0,0.0,0.0,0.0,0.0,0.0,-3958.406743523139,-4750.0880922277665,3958.406743523139,3958.406743523139,3958.406743523139,3958.406743523139,0.0,-1795.1958020513098,0.0,0.0,0.0,0.0,0.0,0.0,0.0,0.0,0.0,0.0,0.0,0.0,0.0,0.0,0.0,0.0,0.0,0.0,0.0,0.0,0.0,0.0,0.0,0.0,0.0,0.0,0.0
"('gfmi_e_0', 'v_dc')",0.0,0.0,0.0,0.0,0.0,-0.13313633558333007,13.313633558333006,-15.944446722521942,2.6602313959931103e-16,0.0,0.0,-13.290921071145073,-0.7773387975411225,-12.956884072151228,-15.548260886581472,12.956884072151228,12.956884072151228,12.956884072151228,12.956884072151228,8.97597901025655,-11.2617253073563,-18.84955592153876,0.0,0.0,0.0,0.0,0.0,0.0,0.0,0.0,0.0,0.0,0.0,0.0,0.0,0.0,0.0,0.0,0.0,0.0,0.0,0.0,0.0,0.0,0.0,0.0,0.0,0.0
"('gfmi_e_0', 'i_load')",0.0,0.0,0.0,0.0,0.0,0.0,0.0,0.0,0.0,0.0,0.0,0.0,0.0,0.0,0.0,0.0,0.0,0.0,0.0,0.0,0.0,-10000.0,0.0,0.0,0.0,0.0,0.0,0.0,0.0,0.0,0.0,0.0,0.0,0.0,0.0,0.0,0.0,0.0,0.0,0.0,0.0,0.0,0.0,0.0,0.0,0.0,0.0,0.0
"('gfli_a_0', 'pi_cc_d')",0.0,0.0,0.0,0.0,0.0,0.0,0.0,0.0,0.0,0.0,0.0,0.0,0.0,0.0,0.0,0.0,0.0,0.0,0.0,0.0,0.0,0.0,0.0,0.0,0.0,0.0,-6.0,0.0,0.0,0.0,0.0,0.0,0.0,0.0,0.0,0.0,0.0,0.0,0.0,0.0,0.0,0.0,0.0,0.0,0.0,0.0,0.0,0.0
"('gfli_a_0', 'pi_cc_q')",0.0,0.0,0.0,0.0,0.0,0.0,0.0,0.0,0.0,0.0,0.0,0.0,0.0,0.0,0.0,0.0,0.0,0.0,0.0,0.0,0.0,0.0,0.0,0.0,0.0,0.0,0.0,-6.0,0.0,0.0,0.0,0.0,0.0,0.0,0.0,0.0,0.0,0.0,0.0,0.0,0.0,0.0,0.0,0.0,0.0,0.0,0.0,0.0
"('gfli_a_0', 'i_vsc_d')",0.0,0.0,0.0,0.0,0.0,0.0,0.0,0.0,0.0,0.0,0.0,0.0,0.0,0.0,0.0,0.0,0.0,0.0,0.0,0.0,0.0,0.0,7539.822368615503,0.0,-7.5398223686155035,376.99111843077515,-3392.9200658769764,-1130.9733552923258,-7539.822368615503,0.0,0.029619999999999983,-2.9619999999999984,0.0,0.0,0.0,0.0,0.0,0.0,0.0,0.0,0.0,0.0,5654.8667764616275,2.9619999999999984,0.0,0.0,0.0,0.0
"('gfli_a_0', 'i_vsc_q')",0.0,0.0,0.0,0.0,0.0,0.0,0.0,0.0,0.0,0.0,0.0,0.0,0.0,0.0,0.0,0.0,0.0,0.0,0.0,0.0,0.0,0.0,0.0,7539.822368615503,-376.99111843077515,-7.5398223686155035,1130.9733552923258,-3392.9200658769764,0.0,-7539.822368615503,-0.20379599999999987,-5634.487176461627,0.0,0.0,0.0,0.0,0.0,0.0,0.0,0.0,0.0,0.0,0.0,5634.487176461627,0.0,0.0,0.0,0.0
"('gfli_a_0', 'i_bus_d')",0.0,0.0,0.0,0.0,0.0,0.0,0.0,0.0,0.0,0.0,0.0,0.0,0.0,0.0,0.0,0.0,0.0,0.0,0.0,0.0,0.0,0.0,0.0,0.0,0.0,0.0,-15.079644737231007,376.99111843077515,3769.9111843077517,0.0,0.01,-1.0000000000000002,0.0,0.0,0.0,0.0,0.0,0.0,0.0,0.0,0.0,0.0,-3769.9111843077517,1.0000000000000002,0.0,0.0,0.0,0.0
"('gfli_a_0', 'i_bus_q')",0.0,0.0,0.0,0.0,0.0,0.0,0.0,0.0,0.0,0.0,0.0,0.0,0.0,0.0,0.0,0.0,0.0,0.0,0.0,0.0,0.0,0.0,0.0,0.0,0.0,0.0,-376.99111843077515,-15.079644737231007,0.0,3769.9111843077517,0.8,3689.9111843077517,0.0,0.0,0.0,0.0,0.0,0.0,0.0,0.0,0.0,0.0,0.0,-3689.9111843077517,0.0,0.0,0.0,0.0
"('gfli_a_0', 'v_lcl_sh_d')",0.0,0.0,0.0,0.0,0.0,0.0,0.0,0.0,0.0,0.0,0.0,0.0,0.0,0.0,0.0,0.0,0.0,0.0,0.0,0.0,0.0,0.0,0.0,0.0,3769.9111843077517,0.0,-3769.9111843077517,0.0,-3769.9111843077517,376.99111843077515,-0.07996000000000002,7.996000000000002,0.0,0.0,0.0,0.0,0.0,0.0,0.0,0.0,0.0,0.0,0.0,-7.996000000000002,0.0,0.0,0.0,0.0
"('gfli_a_0', 'v_lcl_sh_q')",0.0,0.0,0.0,0.0,0.0,0.0,0.0,0.0,0.0,0.0,0.0,0.0,0.0,0.0,0.0,0.0,0.0,0.0,0.0,0.0,0.0,0.0,0.0,0.0,0.0,3769.9111843077517,0.0,-3769.9111843077517,-376.99111843077515,-3769.9111843077517,-0.9958,99.58,0.0,0.0,0.0,0.0,0.0,0.0,0.0,0.0,0.0,0.0,0.0,-99.58,0.0,0.0,0.0,0.0
"('gfli_a_0', 'int_pll')",0.0,0.0,0.0,0.0,0.0,0.0,0.0,0.0,0.0,0.0,0.0,0.0,0.0,0.0,0.0,0.0,0.0,0.0,0.0,0.0,0.0,0.0,0.0,0.0,0.0,0.0,0.0,0.0,0.0,0.0,0.0,-2500.0,0.0,0.0,0.0,0.0,0.0,0.0,0.0,0.0,0.0,0.0,0.0,2500.0,0.0,0.0,0.0,0.0
"('gfli_a_0', 'phase_pll')",0.0,0.0,0.0,0.0,0.0,0.0,0.0,0.0,0.0,0.0,0.0,0.0,0.0,0.0,0.0,0.0,0.0,0.0,0.0,0.0,0.0,0.0,0.0,0.0,0.0,0.0,0.0,0.0,0.0,0.0,1.0,-100.0,0.0,0.0,0.0,0.0,0.0,0.0,0.0,0.0,0.0,0.0,0.0,100.0,0.0,0.0,0.0,0.0
"('gfli_a_1', 'pi_cc_d')",0.0,0.0,0.0,0.0,0.0,0.0,0.0,0.0,0.0,0.0,0.0,0.0,0.0,0.0,0.0,0.0,0.0,0.0,0.0,0.0,0.0,0.0,0.0,0.0,0.0,0.0,0.0,0.0,0.0,0.0,0.0,0.0,0.0,0.0,0.0,0.0,-6.0,0.0,0.0,0.0,0.0,0.0,0.0,0.0,0.0,0.0,0.0,0.0
"('gfli_a_1', 'pi_cc_q')",0.0,0.0,0.0,0.0,0.0,0.0,0.0,0.0,0.0,0.0,0.0,0.0,0.0,0.0,0.0,0.0,0.0,0.0,0.0,0.0,0.0,0.0,0.0,0.0,0.0,0.0,0.0,0.0,0.0,0.0,0.0,0.0,0.0,0.0,0.0,0.0,0.0,-6.0,0.0,0.0,0.0,0.0,0.0,0.0,0.0,0.0,0.0,0.0
"('gfli_a_1', 'i_vsc_d')",0.0,0.0,0.0,0.0,0.0,0.0,0.0,0.0,0.0,0.0,0.0,0.0,0.0,0.0,0.0,0.0,0.0,0.0,0.0,0.0,0.0,0.0,0.0,0.0,0.0,0.0,0.0,0.0,0.0,0.0,0.0,0.0,7539.822368615503,0.0,-7.5398223686155035,376.99111843077515,-3392.9200658769764,-1130.9733552923258,-7539.822368615503,0.0,0.17038830710351094,-17.043606171497327,0.0,0.0,5654.891723281224,2.8599382872581334,0.0,0.0
"('gfli_a_1', 'i_vsc_q')",0.0,0.0,0.0,0.0,0.0,0.0,0.0,0.0,0.0,0.0,0.0,0.0,0.0,0.0,0.0,0.0,0.0,0.0,0.0,0.0,0.0,0.0,0.0,0.0,0.0,0.0,0.0,0.0,0.0,0.0,0.0,0.0,0.0,7539.822368615503,-376.99111843077515,-7.5398223686155035,1130.9733552923258,-3392.9200658769764,0.0,-7539.822368615503,-1.796261180287147,-5476.775200296443,0.0,0.0,13.728449863990036,5475.223447259592,0.0,0.0
"('gfli_a_1', 'i_bus_d')",0.0,0.0,0.0,0.0,0.0,0.0,0.0,0.0,0.0,0.0,0.0,0.0,0.0,0.0,0.0,0.0,0.0,0.0,0.0,0.0,0.0,0.0,0.0,0.0,0.0,0.0,0.0,0.0,0.0,0.0,0.0,0.0,0.0,0.0,0.0,0.0,-15.079644737231007,376.99111843077515,3769.9111843077517,0.0,-0.009997198092294447,1.0000000000000002,0.0,0.0,-3769.9018404277817,8.452842574873717,0.0,0.0
"('gfli_a_1', 'i_bus_q')",0.0,0.0,0.0,0.0,0.0,0.0,0.0,0.0,0.0,0.0,0.0,0.0,0.0,0.0,0.0,0.0,0.0,0.0,0.0,0.0,0.0,0.0,0.0,0.0,0.0,0.0,0.0,0.0,0.0,0.0,0.0,0.0,0.0,0.0,0.0,0.0,-376.99111843077515,-15.079644737231007,0.0,3769.9111843077517,-0.7997758473835557,3850.9677746742773,0.0,0.0,-9.653092575279612,-3849.876667093517,0.0,0.0
"('gfli_a_1', 'v_lcl_sh_d')",0.0,0.0,0.0,0.0,0.0,0.0,0.0,0.0,0.0,0.0,0.0,0.0,0.0,0.0,0.0,0.0,0.0,0.0,0.0,0.0,0.0,0.0,0.0,0.0,0.0,0.0,0.0,0.0,0.0,0.0,0.0,0.0,0.0,0.0,3769.9111843077517,0.0,-3769.9111843077517,0.0,-3769.9111843077517,376.99111843077515,0.07993759594598637,-7.995999999999999,0.0,0.0,0.020043306708393403,7.993734466574054,0.0,0.0
"('gfli_a_1', 'v_lcl_sh_q')",0.0,0.0,0.0,0.0,0.0,0.0,0.0,0.0,0.0,0.0,0.0,0.0,0.0,0.0,0.0,0.0,0.0,0.0,0.0,0.0,0.0,0.0,0.0,0.0,0.0,0.0,0.0,0.0,0.0,0.0,0.0,0.0,0.0,0.0,0.0,3769.9111843077517,0.0,-3769.9111843077517,-376.99111843077515,-3769.9111843077517,-1.00447909249819,100.47606171497328,0.0,0.0,-0.25185999522319585,-100.44759349632363,0.0,0.0
"('gfli_a_1', 'int_pll')",0.0,0.0,0.0,0.0,0.0,0.0,0.0,0.0,0.0,0.0,0.0,0.0,0.0,0.0,0.0,0.0,0.0,0.0,0.0,0.0,0.0,0.0,0.0,0.0,0.0,0.0,0.0,0.0,0.0,0.0,0.0,0.0,0.0,0.0,0.0,0.0,0.0,0.0,0.0,0.0,0.0,-2500.700673248566,0.0,0.0,6.268423033992858,2499.992141362182,0.0,0.0
"('gfli_a_1', 'phase_pll')",0.0,0.0,0.0,0.0,0.0,0.0,0.0,0.0,0.0,0.0,0.0,0.0,0.0,0.0,0.0,0.0,0.0,0.0,0.0,0.0,0.0,0.0,0.0,0.0,0.0,0.0,0.0,0.0,0.0,0.0,0.0,0.0,0.0,0.0,0.0,0.0,0.0,0.0,0.0,0.0,1.0,-100.02802692994264,0.0,0.0,0.2507369213597143,99.99968565448727,0.0,0.0
"('shunt_parallel_rc_0', 'v_bus_D')",56539.51768466909,-1017.0772649033628,0.0,0.0,0.0,0.0,0.0,0.0,0.0,0.0,0.0,0.0,0.0,0.0,0.0,0.0,0.0,0.0,0.0,0.0,0.0,0.0,0.0,0.0,0.0,0.0,56548.66493718302,0.0,0.0,0.0,0.0,-565.4866493718303,0.0,0.0,0.0,0.0,0.0,0.0,0.0,0.0,0.0,0.0,-2827.433246859151,376.99111843077515,0.0,0.0,-56548.66493718302,0.0
"('shunt_parallel_rc_0', 'v_bus_Q')",1017.0772649033628,56539.51768466909,0.0,0.0,0.0,0.0,0.0,0.0,0.0,0.0,0.0,0.0,0.0,0.0,0.0,0.0,0.0,0.0,0.0,0.0,0.0,0.0,0.0,0.0,0.0,0.0,0.0,56548.66493718302,0.0,0.0,0.0,-45238.93194974642,0.0,0.0,0.0,0.0,0.0,0.0,0.0,0.0,0.0,0.0,-376.99111843077515,-2827.433246859151,0.0,0.0,0.0,-56548.66493718302
"('shunt_parallel_rc_1', 'v_bus_D')",0.0,0.0,-678.7253511380673,0.0,0.0,0.0,0.0,0.0,0.0,55144.0173367578,12525.528257967708,0.0,0.0,0.0,0.0,0.0,0.0,0.0,0.0,0.0,0.0,0.0,0.0,0.0,0.0,0.0,0.0,0.0,0.0,0.0,0.0,0.0,0.0,0.0,0.0,0.0,56548.48717899228,141.78838153351293,0.0,0.0,0.0,678.7253511380668,0.0,0.0,-2827.433246859151,376.99111843077515,56548.66493718302,0.0
"('shunt_parallel_rc_1', 'v_bus_Q')",0.0,0.0,-45224.69676529931,0.0,0.0,0.0,0.0,0.0,0.0,-12525.528257967708,55144.0173367578,0.0,0.0,0.0,0.0,0.0,0.0,0.0,0.0,0.0,0.0,0.0,0.0,0.0,0.0,0.0,0.0,0.0,0.0,0.0,0.0,0.0,0.0,0.0,0.0,0.0,-141.78838153351293,56548.48717899228,0.0,0.0,0.0,45224.69676529931,0.0,0.0,-376.99111843077515,-2827.433246859151,0.0,56548.66493718302
"('branch_series_rl_0', 'i_br_D')",0.0,0.0,0.0,0.0,0.0,0.0,0.0,0.0,0.0,0.0,0.0,0.0,0.0,0.0,0.0,0.0,0.0,0.0,0.0,0.0,0.0,0.0,0.0,0.0,0.0,0.0,0.0,0.0,0.0,0.0,0.0,0.0,0.0,0.0,0.0,0.0,0.0,0.0,0.0,0.0,0.0,0.0,7539.822368615503,0.0,-7539.822368615503,0.0,-7.5398223686155035,376.99111843077515
"('branch_series_rl_0', 'i_br_Q')",0.0,0.0,0.0,0.0,0.0,0.0,0.0,0.0,0.0,0.0,0.0,0.0,0.0,0.0,0.0,0.0,0.0,0.0,0.0,0.0,0.0,0.0,0.0,0.0,0.0,0.0,0.0,0.0,0.0,0.0,0.0,0.0,0.0,0.0,0.0,0.0,0.0,0.0,0.0,0.0,0.0,0.0,0.0,7539.822368615503,0.0,-7539.822368615503,-376.99111843077515,-7.5398223686155035
