time,p,q,i_bus_D,i_bus_Q
0.0,0.49999999999999983,0.19999999999999996,-0.49995887718401033,0.2005518972007696
0.002004008016032064,0.49999904514891724,0.19999961805956692,-0.49995839328489605,0.20055172193886886
0.004008016032064128,0.4999991376084763,0.19999965504339054,-0.4999584439170453,0.200551729497718
0.0060120240480961915,0.4999994727267662,0.19999978909070648,-0.49995861239869044,0.20055179437259418
0.008016032064128256,0.49999999820597496,0.19999999928238998,-0.49995887311448683,0.20055190474995918
0.01002004008016032,0.5000009184078658,0.2000003673631463,-0.49995934430247213,0.20055206156419744
0.012024048096192383,0.500001255498224,0.20000050219928964,-0.4999595127559508,0.20055212936182276
0.014028056112224447,0.5000006452123191,0.20000025808492766,-0.499959197724238,0.20055203168307195
0.01603206412825651,0.4999997912007714,0.19999991648030857,-0.4999587645036155,0.2005518759903447
0.018036072144288574,0.49999932237027217,0.19999972894810888,-0.4999585300308847,0.2005517821565561
0.02004008016032064,0.4999990082079025,0.19999960328316102,-0.4999583772414496,0.2005517084835566
0.022044088176352703,0.4999992447574503,0.19999969790298014,-0.4999584988930384,0.2005517474819532
0.024048096192384766,0.4999997599375383,0.19999990397501533,-0.49995875562923886,0.20055185287841365
0.026052104208416832,0.5000000715805891,0.20000002863223568,-0.49995890878692595,0.20055192198783137
0.028056112224448895,0.5000009750959299,0.20000039003837194,-0.49995937167578663,0.200552075347124
0.03006012024048096,0.5000009039666992,0.20000036158667966,-0.4999593313568375,0.2005520729415622
0.03206412825651302,0.5000002387553825,0.200000095502153,-0.4999589911400341,0.20055195857485417
0.03406813627254509,0.4999995694362348,0.19999982777449393,-0.49995865403398837,0.20055183050899852
0.03607214428857715,0.49999922913328454,0.19999969165331383,-0.499958486364818,0.20055175610701212
0.038076152304609215,0.4999993301003054,0.19999973204012217,-0.4999585401349046,0.20055176815273887
0.04008016032064128,0.49999974287879584,0.19999989715151834,-0.4999587466755192,0.20055185051685773
0.04208416833667334,0.5000000781930901,0.20000003127723606,-0.49995891204595716,0.20055192343101597
0.044088176352705406,0.5000047577750656,0.20000190311002625,-0.4999613988606487,0.20055249491596028
0.04609218436873747,0.5000016484792625,0.20000065939170503,-0.499959653486734,0.2005523471380578
0.04809619238476953,0.5000003500039112,0.2000001400015645,-0.4999590282919899,0.20055202692439494
0.0501002004008016,0.49999949720801967,0.19999979888320787,-0.499958614138227,0.2005518254581896
0.052104208416833664,0.4999990392075477,0.19999961568301908,-0.4999583905699313,0.20055172011042843
0.05410821643286573,0.4999993631743098,0.19999974526972394,-0.4999585587207097,0.2005517696749421
0.05611222444889779,0.49999994147409604,0.19999997658963845,-0.49995884549208947,0.20055189152449954
0.058116232464929855,0.50000074763444,0.20000029905377603,-0.49995925690286824,0.20055203235094304
0.06012024048096192,0.5000012807436817,0.2000005122974727,-0.4999595263746712,0.20055213193928983
0.06212424849699398,0.5000007436346025,0.200000297453841,-0.4999592480164023,0.20055204871676116
0.06412825651302605,0.5000002002398433,0.2000000800959373,-0.49995897086610636,0.20055195338764623
0.06613226452905811,0.49999931286392796,0.1999997251455712,-0.4999585250540056,0.2005517808086883
0.06813627254509018,0.4999990017123911,0.19999960068495645,-0.49995837326432263,0.20055170899978675
0.07014028056112225,0.49999918847957303,0.19999967539182922,-0.4999584704523727,0.20055173695320383
0.0721442885771543,0.49999968448468246,0.199999873793873,-0.49995871832121763,0.20055183671085272
0.07414829659318636,0.5000000794842014,0.20000003179368062,-0.49995891296615974,0.2005519230051469
0.07615230460921843,0.5000008928522593,0.20000035714090378,-0.4999593307283367,0.20055205842681442
0.0781563126252505,0.500001203447305,0.200000481378922,-0.4999594856318208,0.20055212166723344
0.08016032064128256,0.5000005204800884,0.20000020819203534,-0.4999591340712891,0.20055200988864522
0.08216432865731463,0.49999967406034485,0.19999986962413793,-0.49995870551648325,0.20055185354891672
0.08416833667334668,0.4999992503647586,0.19999970014590346,-0.4999584942535498,0.20055176716106343
0.08617234468937875,0.49999901300539895,0.1999996052021596,-0.49995838012854077,0.2005517082278212
0.08817635270541081,0.4999993101037902,0.19999972404151609,-0.49995853160039916,0.20055176049542014
0.09018036072144288,0.49999983129569586,0.19999993251827836,-0.4999587908023231,0.20055186844353493
0.09218436873747494,0.5000002485328843,0.20000009941315372,-0.49995899951503564,0.20055195184381794
0.09418837675350701,0.5000010622901959,0.2000004249160784,-0.499959415038856,0.20055209340853328
0.09619238476953906,0.500000733603521,0.20000029344140843,-0.49995924362168104,0.20055204515839747
0.09819639278557113,0.5000000077447257,0.20000000309789032,-0.49995887423329566,0.20055191576254838
0.1002004008016032,0.48503800825376914,0.19401520330150768,-0.491328023494518,0.20023330359930616
0.10220440881763526,0.4480468026707561,0.17921872106830244,-0.47099675187241635,0.1954237714818365
0.10420841683366733,0.4577458311026068,0.18309833244104273,-0.4736845683195309,0.20317541065006642
0.1062124248496994,0.4584101951528166,0.18336407806112667,-0.47125079375990186,0.20967970188151036
0.10821643286573146,0.4539485180283331,0.18157940721133323,-0.4676946861511206,0.2114596654801191
0.11022044088176351,0.4503529481371732,0.1801411792548693,-0.4657361047747428,0.21084749408227224
0.11222444889779558,0.448855601649336,0.17954224065973443,-0.46521663418347875,0.20993158051016153
0.11422845691382764,0.4486648739563817,0.1794659495825527,-0.4653246122486371,0.20942803000139246
0.11623246492985971,0.44890624205504676,0.17956249682201872,-0.465527175272277,0.20931226423583704
0.11823647294589178,0.4491247558704746,0.17964990234818987,-0.4656349459572616,0.20937547285348757
0.12024048096192384,0.44922266858328125,0.17968906743331253,-0.4656541274399115,0.20946849342593846
0.1222444889779559,0.44923753057851123,0.1796950122314045,-0.4656353319400323,0.2095308547562665
0.12424849699398796,0.4492235215606517,0.1796894086242607,-0.46561509743496554,0.2095564177362117
0.12625250501002003,0.4492010560037137,0.1796804224014855,-0.4656012050793343,0.209556175987356
0.1282565130260521,0.4491967803903231,0.17967871215612927,-0.4656021745149459,0.2095481012995145
0.13026052104208416,0.4491924352989111,0.17967697411956446,-0.4656031356092007,0.20953994861459507
0.13226452905811623,0.4491887965199429,0.17967551860797717,-0.46560164355293004,0.20953822485168364
0.1342685370741483,0.44917938882054415,0.17967175552821768,-0.4655926395271462,0.2095452035241825
0.13627254509018036,0.4491766873405159,0.17967067493620636,-0.46558350259602976,0.20956176316690314
0.13827655310621242,0.44917956208302123,0.1796718248332085,-0.46557496283769373,0.20958471517531393
0.1402805611222445,0.4491735802304568,0.17966943209218272,-0.46556106893935506,0.2096072954770847
0.14228456913827653,0.4491686038908059,0.17966744155632236,-0.46554817178074526,0.20962905073694474
0.1442885771543086,0.4491633251847336,0.17966533007389346,-0.465536898274156,0.20964677902915074
0.14629258517034066,0.44915860630599636,0.17966344252239858,-0.46552739785863717,0.2096613431395157
0.14829659318637273,0.44915219787396315,0.17966087914958526,-0.4655183767812253,0.20967250331456644
0.1503006012024048,0.4491468979234323,0.17965875916937296,-0.46551036348434827,0.20968295919605578
0.15230460921843686,0.44914276057032143,0.17965710422812858,-0.465502553328178,0.20969457212745693
0.15430861723446893,0.4491376313044939,0.17965505252179756,-0.4654934407289566,0.2097077026552997
0.156312625250501,0.44913132552286383,0.17965253020914554,-0.46548259056693725,0.20972306065628452
0.15831663326653306,0.4491245335111775,0.179649813404471,-0.46547084112796683,0.2097397400123554
0.16032064128256512,0.44910683207022534,0.17964273282809015,-0.46545281766071916,0.20975524738679324
0.1623246492985972,0.44910179105448855,0.17964071642179544,-0.4654413990079664,0.20977361073498457
0.16432865731462926,0.4491074172337597,0.17964296689350387,-0.46543602173695525,0.2097933234154876
0.16633266533066132,0.44910195594313307,0.17964078237725326,-0.46542531412866395,0.20980952393605734
0.16833667334669336,0.44909516689119294,0.17963806675647717,-0.465414365630254,0.2098244207370239
0.17034068136272543,0.449087844832272,0.1796351379329088,-0.4654033530283379,0.2098387210057967
0.1723446893787575,0.44908091697699326,0.1796323667907973,-0.4653927680200755,0.20985261654001308
0.17434869739478956,0.4490747028466676,0.17962988113866707,-0.46538243046799244,0.20986694874091666
0.17635270541082163,0.44906849348410693,0.17962739739364278,-0.4653719075381072,0.20988169708557725
0.1783567134268537,0.4490622162601601,0.17962488650406402,-0.46536118700922,0.20989678814498888
0.18036072144288576,0.4490601146351642,0.1796240458540657,-0.46535271947258167,0.20991265523747035
0.18236472945891782,0.44905683335626634,0.17962273334250656,-0.46534348967595734,0.20992857986213254
0.1843687374749499,0.449044124600842,0.1796176498403368,-0.4653292700878492,0.2099425320758192
0.18637274549098196,0.44902256221542863,0.17960902488617148,-0.465310867064718,0.2099535172910066
0.18837675350701402,0.44903228772000864,0.17961291508800345,-0.46530906679075196,0.20997094819622275
0.1903807615230461,0.4490247639981008,0.17960990559924034,-0.4652985549534437,0.2099838446546772
0.19238476953907813,0.44901857009881607,0.17960742803952645,-0.4652888763936898,0.20999673109680878
0.1943887775551102,0.4490023458332557,0.1796009383333023,-0.46527410193438606,0.2100070468420251
0.19639278557114226,0.449007299892394,0.17960291995695762,-0.46527033735019185,0.21002223209314502
0.19839679358717432,0.44900107565612035,0.17960043026244815,-0.4652609077168637,0.21003452155486776
0.2004008016032064,0.44899517579340875,0.1795980703173635,-0.46525176675051244,0.2100466186021234
0.20240480961923846,0.44897305216748007,0.17958922086699203,-0.4652342240596149,0.2100549107955209
0.20440881763527052,0.4489972742680989,0.17959890970723957,-0.4652414071431053,0.21007246226169596
0.2064128256513026,0.44899233351150564,0.17959693340460228,-0.4652332175712575,0.21008377417724708
0.20841683366733466,0.44897531244438754,0.179590124977755,-0.4652185096208184,0.21009283392323524
0.21042084168336672,0.4489504430959527,0.1795801772383811,-0.465200365579114,0.21009866075865474
0.2124248496993988,0.4489464801033396,0.17957859204133583,-0.46519322897675314,0.21010898871720765
0.21442885771543085,0.4489593737088871,0.17958374948355485,-0.4651950346081811,0.2101227977467167
0.21643286573146292,0.4489542562682767,0.17958170250731068,-0.4651877284569959,0.210131905461289
0.21843687374749496,0.44893190631479596,0.1795727625259184,-0.4651716231371564,0.21013669458542988
0.22044088176352702,0.4489268000359311,0.17957072001437246,-0.46516461154093414,0.21014516428865437
0.2224448897795591,0.44894105564223036,0.17957642225689213,-0.4651677619325878,0.21015787528567426
0.22444889779559116,0.4489190479605575,0.179567619184223,-0.4651523703938776,0.21016155506495626
0.22645290581162322,0.44891443138554193,0.1795657725542168,-0.4651461449781238,0.2101689592861189
0.2284569138276553,0.4489290240618713,0.17957160962474852,-0.465149995898438,0.2101805841533776
0.23046092184368736,0.4489409756336252,0.17957639025345012,-0.46515319083881085,0.21019001380810107
0.23246492985971942,0.44893867131635096,0.1795754685265404,-0.46514870124020385,0.21019676794237557
0.2344689378757515,0.4489340184826868,0.17957360739307474,-0.46514316212378426,0.2102026021017519
0.23647294589178355,0.44889757956380016,0.17955903182552008,-0.46512100744842816,0.210201322413196
0.23847695390781562,0.44889541773551245,0.179558167094205,-0.4651171082824085,0.2102069657710983
0.24048096192384769,0.4488918457456926,0.17955673829827706,-0.465112707261801,0.2102117726952504
0.24248496993987975,0.4488892452276704,0.17955569809106817,-0.4651089765436522,0.21021643736458448
0.2444889779559118,0.4489044210061924,0.17956176840247695,-0.46511447375551757,0.21022522283480388
0.24649298597194386,0.4488854771038379,0.17955419084153518,-0.4651026872397045,0.21022515086029694
0.24849699398797592,0.4488828642545273,0.17955314570181094,-0.4650994323669808,0.21022874530096156
0.250501002004008,0.4488980027954119,0.17955920111816479,-0.4651054003098277,0.21023643771568584
0.25250501002004005,0.4488800697175634,0.17955202788702537,-0.4650946515942541,0.21023546456336417
0.2545090180360721,0.44891087610415953,0.17956435044166383,-0.4651094345723755,0.21024528095653425
0.2565130260521042,0.4489096038214613,0.1795638415285845,-0.46510746105474937,0.21024789079106512
0.25851703406813625,0.44889273029032534,0.17955709211613016,-0.46509722835939327,0.21024723865657038
0.2605210420841683,0.44887535556542235,0.17955014222616897,-0.46508739149894973,0.2102450186464922
0.2625250501002004,0.44887473816941026,0.1795498952677641,-0.46508622086495505,0.21024675609064
0.26452905811623245,0.448903745775174,0.1795614983100696,-0.465100723712825,0.21025470966812004
0.2665330661322645,0.44890360538234114,0.17956144215293648,-0.46510010287692777,0.21025588924289842
0.2685370741482966,0.44890292791210595,0.17956117116484238,-0.46509929397520444,0.21025674358904528
0.27054108216432865,0.4488725101512222,0.17954900406048888,-0.4650831059791307,0.21025057137974376
0.2725450901803607,0.44887295287282447,0.1795491811491298,-0.4650831578351256,0.21025106769923846
0.2745490981963928,0.44887308672411064,0.17954923468964426,-0.46508316375686376,0.21025123933614606
0.27655310621242485,0.44890070735682364,0.17956028294272947,-0.4650976510366043,0.21025731321390148
0.2785571142284569,0.44887305565039665,0.17954922226015868,-0.4650834226453483,0.2102506237779816
0.280561122244489,0.4488998539315907,0.1795599415726363,-0.46509763106540036,0.21025617956026535
0.282565130260521,0.4489006895701903,0.17956027582807615,-0.4650984492893937,0.21025552288976482
0.28456913827655306,0.448874817769904,0.17954992710796164,-0.46508549780559033,0.21024846542351364
0.2865731462925851,0.44887611066854305,0.17955044426741723,-0.4650867425434088,0.2102474963914724
0.2885771543086172,0.448877067314838,0.17955082692593521,-0.46508790250372645,0.2102462507925859
0.29058116232464926,0.44890152179646753,0.17956060871858703,-0.4651013458169674,0.21025026408316147
0.2925851703406813,0.4489022900257665,0.1795609160103066,-0.4651025620664587,0.21024863385162978
0.2945891783567134,0.44889200976583277,0.17955680390633313,-0.46509800871059476,0.21024451793145651
0.29659318637274545,0.4488814450998636,0.17955257803994545,-0.4650937393112405,0.2102393811158015
0.2985971943887775,0.4488829679216794,0.1795531871686718,-0.4650955841393266,0.21023740180391157
0.3006012024048096,0.44888440791417666,0.17955376316567068,-0.46509746453517914,0.2102352294454672
0.30260521042084165,0.4488859040658964,0.17955436162635857,-0.4650994420048712,0.21023291980619366
0.3046092184368737,0.44888746641741006,0.17955498656696403,-0.4651015135785344,0.21023049330813243
0.3066132264529058,0.4489073097206276,0.17956292388825104,-0.46511302251379916,0.21023242089380437
0.30861723446893785,0.4489085791605425,0.179563431664217,-0.465115020209959,0.21022975339823713
0.3106212424849699,0.44890180520974954,0.17956072208389984,-0.4651128637764039,0.2102251741804616
0.312625250501002,0.44889411091648196,0.1795576443665928,-0.46511053860873103,0.21021969775793045
0.31462925851703405,0.4488960999721614,0.17955843998886456,-0.46511304808092413,0.21021689114658743
0.3166332665330661,0.4489121532884893,0.17956486131539573,-0.4651227267859528,0.21021763614520358
0.3186372745490982,0.44891404536832497,0.17956561814733,-0.4651252802806671,0.21021459809048323
0.32064128256513025,0.4489012908945906,0.17956051635783624,-0.4651204497710208,0.21020767975126414
0.3226452905811623,0.4489037041919545,0.17956148167678182,-0.4651233059312603,0.21020469138951636
0.3246492985971944,0.44890572932371725,0.1795622917294869,-0.4651259823007103,0.21020156492429407
0.32665330661322645,0.44891877897320265,0.17956751158928105,-0.4651342202623935,0.21020135095138828
0.3286573146292585,0.4489203228676283,0.17956812914705134,-0.46513666923111463,0.21019806314966136
0.3306613226452906,0.44892163200549806,0.17956865280219925,-0.46513901765290727,0.21019467367960573
0.33266533066132264,0.44892292259099076,0.1795691690363963,-0.46514137275768397,0.21019124372706988
0.33466933867735466,0.44892421735041804,0.17956968694016723,-0.4651437379817754,0.2101877970606492
0.3366733466933867,0.4489173587068164,0.1795669434827266,-0.46514214143054416,0.2101818612551164
0.3386773547094188,0.44891982982454764,0.17956793192981907,-0.4651451155221925,0.210178691067161
0.34068136272545085,0.448927821315862,0.17957112852634483,-0.4651507301163087,0.2101772986935116
0.3426853707414829,0.4489293739168405,0.17957174956673622,-0.46515320606581645,0.21017396263061122
0.344689378757515,0.44893029626609593,0.17957211850643837,-0.46515546574153604,0.2101702349678558
0.34669338677354705,0.4489277566451442,0.1795711026580577,-0.4651559929815595,0.21016556158154373
0.3486973947895791,0.448929884210695,0.179571953684278,-0.46515874254869966,0.21016241354190002
0.3507014028056112,0.44893367405359935,0.17957346962143975,-0.4651621028588094,0.21016020882175918
0.35270541082164325,0.44893701697592164,0.17957480679036866,-0.4651656087439459,0.21015706471095072
0.3547094188376753,0.44893553026372424,0.1795742121054897,-0.46516659045998526,0.21015283890007624
0.3567134268537074,0.44893778384808447,0.1795751135392338,-0.4651691020384611,0.21015039133111382
0.35871743486973945,0.44894200015479757,0.17957680006191906,-0.46517297676006475,0.21014763652096266
0.3607214428857715,0.448941100449502,0.17957644017980082,-0.4651741879556137,0.21014371308735386
0.3627254509018036,0.4489430395612871,0.17957721582451486,-0.4651766951981763,0.21014084067001296
0.36472945891783565,0.4489418452671276,0.17957673810685104,-0.4651773191356846,0.21013781029199272
0.3667334669338677,0.44894358066121653,0.17957743226448664,-0.46517969611362425,0.21013494480767733
0.3687374749498998,0.4489447051444615,0.17957788205778463,-0.46518170178143164,0.21013205761707807
0.37074148296593185,0.4489494032650647,0.1795797613060259,-0.46518581312237567,0.2101294438698716
0.3727454909819639,0.44894592089824154,0.17957836835929664,-0.46518513222447255,0.21012614221623968
0.374749498997996,0.44895382931545497,0.179581531726182,-0.46519073327074584,0.21012466369397773
0.37675350701402804,0.44895438856125897,0.17958175542450358,-0.46519241347291496,0.21012171621361822
0.3787575150300601,0.44894873847333666,0.17957949538933468,-0.4651905050526179,0.21011813844079957
0.3807615230460922,0.4489502610578938,0.17958010442315753,-0.4651925322804078,0.2101157529802953
0.38276553106212424,0.4489511685184298,0.17958046740737194,-0.4651941856751909,0.21011334561998385
0.38476953907815625,0.44895972746819407,0.17958389098727764,-0.4652000301881916,0.2101122261498141
0.3867735470941883,0.44896141109714677,0.17958456443885873,-0.4652020102238531,0.21011016743393438
0.3887775551102204,0.44896269177110043,0.17958507670844018,-0.4652037437509307,0.21010809795754265
0.39078156312625245,0.44895390318809886,0.17958156127523955,-0.4652000438176363,0.2101041520728942
0.3927855711422845,0.4489645682005544,0.1795858272802218,-0.4652067937991011,0.2101039362666966
0.3947895791583166,0.4489547032907686,0.17958188131630745,-0.4652024321309675,0.21009996899839434
0.39679358717434865,0.44896642455650526,0.17958656982260213,-0.4652095892866145,0.21010031038031463
0.3987975951903807,0.4489679831600937,0.17958719326403746,-0.46521132552802114,0.21009861859989817
0.4008016032064128,0.4489564418737801,0.17958257674951206,-0.4652059886275386,0.2100944953648339
0.40280561122244485,0.44896900142264606,0.17958760056905843,-0.4652134606129419,0.21009529733050233
0.4048096192384769,0.4489706204659227,0.17958824818636906,-0.4652151035477775,0.21009389556734245
0.406813627254509,0.4489583037187417,0.17958332148749667,-0.4652092755043782,0.21008978881028126
0.40881763527054105,0.44897125702328644,0.1795885028093146,-0.46521680032645957,0.2100910175376379
0.4108216432865731,0.448972783499468,0.17958911339978723,-0.465218278720772,0.21008985221950113
0.4128256513026052,0.44897352677697633,0.17958941071079054,-0.4652192527480199,0.21008872197848388
0.41482965931863724,0.4489593008298222,0.1795837203319289,-0.4652122971584956,0.21008447499385655
0.4168336673346693,0.44897540539627956,0.17959016215851184,-0.46522138577896194,0.21008659338273636
0.4188376753507014,0.4489753300353565,0.17959013201414262,-0.46522180861206475,0.21008555295527515
0.42084168336673344,0.4489605030743555,0.1795842012297422,-0.4652144329691111,0.21008140601361153
0.4228456913827655,0.4489761249567166,0.17959044998268664,-0.4652231078705462,0.21008377379641519
0.4248496993987976,0.4489805677128512,0.1795922270851405,-0.4652259681203067,0.21008357644812353
0.42685370741482964,0.4489828434394378,0.17959313737577512,-0.46522753704597214,0.21008324545586493
0.4288577154308617,0.448960704546378,0.1795842818185512,-0.4652160062616418,0.21007820029616406
0.4308617234468938,0.448984041870825,0.17959361674833002,-0.46522876104765165,0.21008219025585984
0.43286573146292584,0.4489783383226219,0.17959133532904875,-0.46522581493074433,0.21008083629898186
0.4348697394789579,0.4489613454580851,0.17958453818323403,-0.4652171001282278,0.21007666321948767
0.4368737474949899,0.4489873440133902,0.17959493760535608,-0.4652312094827876,0.21008132930580295
0.438877755511022,0.4489791133267932,0.1795916453307173,-0.46522674496070776,0.21007984723112028
0.44088176352705405,0.4489613581773642,0.1795845432709457,-0.46521756607499737,0.21007564894143835
0.4428857715430861,0.44898943427031157,0.17959577370812466,-0.4652326954564772,0.21008092578641505
0.4448897795591182,0.44896080255379395,0.17958432102151758,-0.46521743951033556,0.2100751617320026
0.44689378757515025,0.4489898980236873,0.17959595920947494,-0.4652330196993908,0.2100808483089746
0.4488977955911823,0.44896054073108715,0.17958421629243487,-0.4652173667552237,0.2100749611905702
0.4509018036072144,0.4489913468098514,0.17959653872394057,-0.4652338243145659,0.21008106762830148
0.45290581162324645,0.4489794751774064,0.17959179007096257,-0.4652271720449456,0.2100794012606399
0.4549098196392785,0.448960714302486,0.1795842857209944,-0.46521732611208727,0.21007529095274563
0.4569138276553106,0.4489923172255372,0.1795969268902149,-0.4652341236551934,0.21008174513584715
0.45891783567134264,0.4489599427428132,0.17958397709712529,-0.4652167322312712,0.21007554035045553
0.4609218436873747,0.448992052577276,0.1795968210309104,-0.4652337117854608,0.21008229168501386
0.4629258517034068,0.4489930526517828,0.17959722106071313,-0.46523409710774966,0.21008281974680093
0.46492985971943884,0.4489594022668496,0.17958376090673986,-0.46521599403437586,0.21007642853380246
0.4669338677354709,0.44899225671400705,0.17959690268560283,-0.4652332931522696,0.2100835007247561
0.468937875751503,0.44897811545726657,0.17959124618290664,-0.46522531437813197,0.2100816369360044
0.47094188376753504,0.448959152213348,0.1795836608853392,-0.46521525666969576,0.21007771602823075
0.4729458917835671,0.44897732753492603,0.17959093101397042,-0.4652244412549951,0.21008248212642983
0.4749498997995992,0.44899177098613663,0.17959670839445466,-0.4652321147739703,0.21008543933372106
0.47695390781563124,0.4489926444814991,0.17959705779259966,-0.4652322953631327,0.21008624593228847
0.4789579158316633,0.44895778945921244,0.179583115783685,-0.4652135051052865,0.2100797124657913
0.48096192384769537,0.4489913430499021,0.17959653721996086,-0.4652310002459749,0.21008731634777295
0.48296593186372744,0.4489759736187934,0.17959038944751735,-0.4652222969550707,0.21008536049582682
0.4849699398797595,0.44895741709000825,0.1795829668360033,-0.46521240976414185,0.21008162369742778
0.48697394789579157,0.44899105340859896,0.1795964213634396,-0.46522990383281837,0.2100893442409511
0.4889779559118236,0.448974943394772,0.17958997735790883,-0.46522076116356925,0.21008733841073934
0.49098196392785565,0.4489566448820794,0.17958265795283176,-0.4652110107393851,0.21008365510491936
0.4929859719438877,0.4489898989079962,0.1795959595631985,-0.46522824588091305,0.21009142103526812
0.4949899799599198,0.4489557140013753,0.17958228560055015,-0.46520983285567574,0.21008497762567205
0.49699398797595185,0.44898840552937985,0.17959536221175196,-0.4652267062370658,0.21009276775943264
0.4989979959919839,0.44898877553112587,0.17959551021245038,-0.46522653493500904,0.21009365813261358
0.501002004008016,0.44895499127545807,0.17958199651018325,-0.4652083622715459,0.21008723578809116
0.503006012024048,0.4489869134809975,0.17959476539239902,-0.46522478626959873,0.21009495847446466
0.5050100200400801,0.4489715494782152,0.1795886197912861,-0.46521609225869726,0.21009298938480786
0.5070140280561122,0.4489546572601059,0.17958186290404238,-0.4652070770852836,0.2100896202793243
0.5090180360721442,0.44898530545359283,0.17959412218143714,-0.46522277480749535,0.21009719156094442
0.5110220440881763,0.44898551156708044,0.1795942046268322,-0.46522250938169585,0.21009806397484854
0.5130260521042084,0.44898501679461844,0.17959400671784737,-0.4652218428255607,0.2100988565729996
0.5150300601202404,0.44895342082235834,0.17958136832894336,-0.4652049195202002,0.21009269000771794
0.5170340681362725,0.44898284904407587,0.17959313961763035,-0.465219942659758,0.2101000700892056
0.5190380761523046,0.4489685376831886,0.17958741507327547,-0.4652118673723401,0.21009818470425584
0.5210420841683366,0.44895321673093186,0.17958128669237278,-0.4652037052158918,0.21009509691423997
0.5230460921843687,0.44898151773700135,0.17959260709480054,-0.4652181186768254,0.21010227013864613
0.5250501002004008,0.4489673628838692,0.17958694515354767,-0.46521013010068285,0.21010040886536024
0.5270541082164328,0.44895273072664443,0.17958109229065777,-0.4652023546078632,0.21009741622377462
0.5290581162324649,0.44897952165074473,0.1795918086602979,-0.4652159537680882,0.21010430689035306
0.531062124248497,0.4489520652738595,0.17958082610954382,-0.4652013065046245,0.2100988178474476
0.533066132264529,0.44895246128909927,0.17958098451563972,-0.46520114778987887,0.21009971623218038
0.5350701402805611,0.4489774920253426,0.17959099681013704,-0.4652138107893748,0.21010624872166742
0.5370741482965932,0.448977098355473,0.1795908393421892,-0.46521323604852644,0.21010697759979619
0.5390781563126252,0.44896464393035956,0.17958585757214385,-0.4652062628960491,0.21010521636654458
0.5410821643286573,0.4489519384378468,0.17958077537513872,-0.4651995514843761,0.21010252859665005
0.5430861723446894,0.448974720089551,0.1795898880358204,-0.4652110142688412,0.21010861235009612
0.5450901803607214,0.4489514374757048,0.17958057499028193,-0.46519867307139695,0.21010378163719795
0.5470941883767535,0.44897277329020974,0.1795891093160839,-0.4652093468385114,0.21010961555952487
0.5490981963927856,0.4489728745174372,0.1795891498069749,-0.46520909733162125,0.21011030780189244
0.5511022044088176,0.4489513591984227,0.1795805436793691,-0.4651977373562841,0.21010574531706439
0.5531062124248497,0.4489707156106113,0.17958828624424455,-0.46520737759148156,0.21011113387026392
0.5551102204408818,0.4489618908707819,0.17958475634831278,-0.465202456516964,0.21010984190985357
0.5571142284569138,0.4489517005373504,0.17958068021494017,-0.46519709954448574,0.21010762892256907
0.5591182364729459,0.44896872625710776,0.17958749050284312,-0.46520551310998887,0.2101125145556383
0.561122244488978,0.44896879242167104,0.17958751696866843,-0.46520530146018085,0.21011307454183314
0.56312625250501,0.44896821841353374,0.17958728736541352,-0.4652047379240798,0.21011352950672063
0.565130260521042,0.44895151831861646,0.1795806073274466,-0.4651960237887161,0.21010975906604387
0.567134268537074,0.44896603953961045,0.1795864158158442,-0.4652031501677958,0.2101140357323224
0.5691382765531061,0.4489600985574734,0.17958403942298937,-0.46519985812027015,0.21011311961640314
0.5711422845691382,0.44895207627010214,0.17958083050804088,-0.46519567937875594,0.21011129218492833
0.5731462925851702,0.4489646731176549,0.179585869247062,-0.46520182164337875,0.21011509003628906
0.5751503006012023,0.44895956649182317,0.17958382659672928,-0.4651989874798446,0.21011431243069645
0.5771543086172344,0.4489523950041117,0.1795809580016447,-0.46519527866259847,0.21011261957993632
0.5791583166332664,0.44896281339708344,0.1795851253588334,-0.4652003009021529,0.21011588862959843
0.5811623246492985,0.4489523027533216,0.17958092110132864,-0.4651949086781858,0.21011331132974934
0.5831663326653306,0.44895291156962275,0.17958116462784912,-0.46519505284932267,0.21011383294569635
0.5851703406813626,0.44896103820892463,0.1795844152835699,-0.4651989030819899,0.21011653180408632
0.5871743486973947,0.44896072522354324,0.1795842900894173,-0.46519858056515234,0.2101168136110766
0.5891783567134268,0.448958548487305,0.179583419394922,-0.4651974004193526,0.21011642028786973
0.5911823647294588,0.4489534307565973,0.17958137230263896,-0.4651948051957045,0.21011509827910843
0.5931863727454909,0.44895376264602876,0.17958150505841153,-0.4651948488343643,0.210115460019471
0.595190380761523,0.4489577453877457,0.1795830981550983,-0.46519656095620876,0.21011716973931688
0.597194388777555,0.4489580891153461,0.17958323564613846,-0.4651967692639314,0.21011718324986112
0.5991983967935871,0.4489541755780322,0.17958167023121288,-0.46519480274892566,0.2101161323310969
0.6012024048096192,0.44895666807050905,0.17958266722820362,-0.4651957661163157,0.21011744168557595
0.6032064128256512,0.44895798273726395,0.17958319309490559,-0.4651964811953104,0.21011767411711188
0.6052104208416833,0.44895479386322923,0.1795819175452917,-0.4651949062735923,0.2101167570076699
0.6072144288577154,0.44895515421448223,0.1795820616857929,-0.46519501721336387,0.21011700904873518
0.6092184368737474,0.44895425053721594,0.1795817002148864,-0.4651942450468711,0.2101174705943457
0.6112224448897795,0.44895446151377233,0.17958178460550894,-0.4651943240595851,0.21011758702871533
0.6132264529058116,0.44895409446737883,0.17958163778695155,-0.4651940848883315,0.21011760964262186
0.6152304609218436,0.44895557243383816,0.1795822289735353,-0.46519509872642273,0.2101174061575555
0.6172344689378757,0.44895620574461487,0.17958248229784596,-0.46519539348712075,0.21011762818953955
0.6192384769539078,0.44895647042708714,0.17958258817083486,-0.46519550319642533,0.21011775083164297
0.6212424849699398,0.4489521335569268,0.17958085342277075,-0.4651930234293429,0.21011725159044992
0.6232464929859719,0.4489564385780023,0.17958257543120096,-0.46519550566180895,0.2101177013886418
0.625250501002004,0.44895083578312367,0.1795803343132495,-0.46519235120306424,0.21011694760196714
0.627254509018036,0.44895115852268824,0.17958046340907532,-0.4651925258241772,0.21011700671250197
0.6292585170340681,0.44895711058571464,0.17958284423428586,-0.46519587057378586,0.2101178215483124
0.6312625250501002,0.4489577244953348,0.17958308979813392,-0.465196191030242,0.2101179598953453
0.6332665330661322,0.4489579710510531,0.17958318842042126,-0.4651963300100687,0.21011799269895676
0.6352705410821643,0.44894958045672034,0.17957983218268816,-0.46519181069418364,0.21011641061417116
0.6372745490981964,0.44894949607767326,0.1795797984310693,-0.46519178556005936,0.21011634972925322
0.6392785571142284,0.4489583167410564,0.17958332669642257,-0.465196555245432,0.21011797144240135
0.6412825651302605,0.448958593631067,0.1795834374524268,-0.46519681298206533,0.2101177832132969
0.6432865731462926,0.44895890882454553,0.17958356352981822,-0.4651970035833256,0.21011779651873105
0.6452905811623246,0.44894761231813823,0.1795790449272553,-0.4651910014406767,0.21011548418966158
0.6472945891783567,0.44895850381596974,0.1795834015263879,-0.4651968690976917,0.2101175349364405
0.6492985971943888,0.448959252405991,0.1795837009623964,-0.46519736033797876,0.2101174811676943
0.6513026052104208,0.4489472812210004,0.17957891248840016,-0.4651910326694878,0.21011495778747966
0.6533066132264529,0.4489587808235014,0.17958351232940056,-0.46519718871887694,0.21011720985719834
0.655310621242485,0.4489596537552563,0.17958386150210254,-0.46519775165677507,0.2101171690704365
0.657314629258517,0.4489598964800012,0.1795839585920005,-0.4651979265138766,0.2101171171503831
0.6593186372745491,0.4489459369051064,0.17957837476204258,-0.46519059914739985,0.21011406102401797
0.6613226452905812,0.44894635264509786,0.17957854105803914,-0.4651908965106209,0.21011397682586452
0.6633266533066132,0.44894623388627447,0.1795784935545098,-0.46519090005213637,0.2101138049718804
0.6653306613226453,0.4489609269275303,0.17958437077101214,-0.46519882054261563,0.21011656086221855
0.6673346693386772,0.44896235572899396,0.1795849422915976,-0.465199663204111,0.21011666844075347
0.6693386773547093,0.4489607454951658,0.17958429819806634,-0.4651988248307311,0.2101163008023122
0.6713426853707414,0.4489453202213272,0.1795781280885309,-0.46519078345911075,0.21011280127896392
0.6733466933867734,0.44896492122010256,0.17958596848804104,-0.46520135700139215,0.21011646140663764
0.6753507014028055,0.44894456728326565,0.1795778269133063,-0.4651905686350811,0.21011223704134407
0.6773547094188376,0.4489450801468466,0.17957803205873865,-0.465190914443523,0.2101121797188245
0.6793587174348696,0.4489675693881607,0.17958702775526428,-0.46520305623537606,0.2101163565021966
0.6813627254509017,0.448968739164959,0.17958749566598362,-0.465203753047505,0.21011642925420274
0.6833667334669338,0.44896181317043293,0.1795847252681732,-0.465199967831046,0.2101152446935482
0.6853707414829658,0.4489444994480114,0.17957779977920457,-0.46519097956912525,0.2101112335412018
0.6873747494989979,0.4489446323834741,0.17957785295338966,-0.4651911205116648,0.21011110508537922
0.68937875751503,0.4489706838009054,0.17958827352036216,-0.4652051470438772,0.21011602852852174
0.691382765531062,0.4489721671906479,0.17958886687625916,-0.46520605622329525,0.21011606419734358
0.6933867735470941,0.448972898527336,0.17958915941093442,-0.46520651582070643,0.2101160566378703
0.6953907815631262,0.44894375377380946,0.17957750150952378,-0.4651910318212015,0.21011008801678174
0.6973947895791582,0.44897299140292085,0.17958919656116837,-0.4652067476687088,0.2101156715808127
0.6993987975951903,0.4489624743815853,0.17958498975263415,-0.4652010033109593,0.2101138652767609
0.7014028056112224,0.4489440756622811,0.17957763026491247,-0.46519147771048047,0.21010954535667745
0.7034068136272544,0.44897451057389276,0.17958980422955712,-0.4652077964158593,0.21011544764758283
0.7054108216432865,0.44897578561645757,0.17959031424658303,-0.46520857298381846,0.2101154891771638
0.7074148296593186,0.44897630252604864,0.17959052101041947,-0.4652089054456318,0.2101154669639231
0.7094188376753506,0.4489436563677444,0.17957746254709778,-0.4651915824707022,0.210108734328502
0.7114228456913827,0.4489442362226543,0.17957769448906172,-0.4651919638712365,0.21010869072190227
0.7134268537074148,0.44894432428362646,0.1795777297134506,-0.46519207603501783,0.210108564005696
0.7154308617234468,0.4489772540204317,0.1795909016081727,-0.4652097290580607,0.21011495749300307
0.7174348697394789,0.44894373690401085,0.17957749476160434,-0.46519195385710344,0.21010802328647532
0.719438877755511,0.44897712232743975,0.1795908489309759,-0.4652097786113059,0.21011466590328917
0.721442885771543,0.44896296950504483,0.17958518780201793,-0.46520207075221354,0.21011218570256798
0.7234468937875751,0.44894433300946174,0.17957773320378473,-0.46519248566396554,0.21010766911327022
0.7254509018036072,0.4489777458003772,0.17959109832015088,-0.46521028197000924,0.2101144124787675
0.7274549098196392,0.4489630095699613,0.17958520382798454,-0.46520227660744734,0.21011178525769628
0.7294589178356713,0.44894455519784765,0.17957782207913908,-0.4651928049988243,0.2101072689484638
0.7314629258517034,0.44897866730753083,0.17959146692301234,-0.4652109670932035,0.21011416821315249
0.7334669338677354,0.44896310124898126,0.1795852404995925,-0.46520248665392616,0.21011144681515403
0.7354709418837675,0.4489448468808276,0.17957793875233102,-0.46519314068444617,0.2101069285599547
0.7374749498997996,0.4489451481926906,0.17957805927707624,-0.4651933348172216,0.21010691487837163
0.7394789579158316,0.44897828417086233,0.17959131366834494,-0.46521091155751915,0.2101137620394436
0.7414829659318637,0.4489629744132251,0.17958518976529003,-0.4652026320225155,0.21011094978770822
0.7434869739478958,0.44894531085044287,0.17957812434017714,-0.465193606237063,0.21010653858046793
0.7454909819639278,0.4489787385297238,0.17959149541188954,-0.46521130780201425,0.21011351221504504
0.7474949899799599,0.44894517885719687,0.17957807154287875,-0.4651936373988042,0.21010628728858666
0.749498997995992,0.44894588096238297,0.17957835238495318,-0.46519403265908177,0.21010638183213348
0.751503006012024,0.4489784892962377,0.17959139571849508,-0.4652112665272004,0.21011325939417325
0.7535070140280561,0.4489456381924939,0.17957825527699756,-0.46519400631206986,0.21010610487472797
0.7555110220440882,0.44897761624713334,0.17959104649885332,-0.4652108454635527,0.2101129859325549
0.7575150300601202,0.4489782990494591,0.17959131961978364,-0.46521123516286633,0.21011306609472624
0.7595190380761523,0.4489461752248488,0.17957847008993952,-0.4651943918332725,0.21010599299689572
0.7615230460921844,0.44894687347585566,0.17957874939034227,-0.4651947777652813,0.2101061028697744
0.7635270541082164,0.448947114158809,0.1795788456635236,-0.46519492021205916,0.21010611988907088
0.7655310621242485,0.44897728758421535,0.17959091503368613,-0.4652107807512491,0.2101126753064829
0.7675350701402806,0.4489469056089996,0.17957876224359984,-0.46519489848922785,0.21010587995484173
0.7695390781563125,0.44897621009319255,0.17959048403727704,-0.46521022937563833,0.2101124080185046
0.7715430861723446,0.44896254602118923,0.1795850184084757,-0.4652028981321384,0.2101097689525063
0.7735470941883766,0.44894791828780556,0.17957916731512225,-0.4651954924386732,0.210105963515786
0.7755511022044087,0.44897544603488077,0.1795901784139523,-0.4652098417419363,0.210112211060465
0.7775551102204408,0.4489624345727513,0.17958497382910055,-0.4652028849028371,0.21010964432336607
0.7795591182364728,0.4489485745609629,0.17957942982438516,-0.4651958846481223,0.21010600151166856
0.7815631262525049,0.4489750638760758,0.17959002555043033,-0.46520967722752354,0.21011204752345408
0.783567134268537,0.44896239812332245,0.179584959249329,-0.4652028892934888,0.21010958426215928
0.785571142284569,0.44894927541292623,0.17957971016517052,-0.46519628112320316,0.21010609163057775
0.7875751503006011,0.4489496880836295,0.1795798752334518,-0.4651964833524635,0.21010621381853012
0.7895791583166332,0.4489731696624854,0.17958926786499416,-0.46520863886975955,0.21011173050546125
0.7915831663326652,0.44896216927787447,0.1795848677111498,-0.46520280158349836,0.2101094624046567
0.7935871743486973,0.44895024790912463,0.17958009916364986,-0.46519681266836305,0.21010625786042766
0.7955911823647294,0.4489725653459473,0.17958902613837893,-0.46520833355224106,0.2101115719029402
0.7975951903807614,0.4489503907451912,0.1795801562980765,-0.465196893399252,0.21010627638631985
0.7995991983967935,0.4489511517247382,0.1795804606898953,-0.46519726923439886,0.21010649524491165
0.8016032064128256,0.44897138428710065,0.17958855371484025,-0.4652076758289457,0.21011139703650566
0.8036072144288576,0.4489511790042249,0.17958047160168994,-0.4651972938633225,0.2101064783898944
0.8056112224448897,0.448969984656749,0.1795879938626996,-0.4652069056227705,0.21011116935179516
0.8076152304609218,0.44897034352713633,0.17958813741085455,-0.46520708009702083,0.21011127867649726
0.8096192384769538,0.44895201113538263,0.17958080445415306,-0.4651977006091236,0.21010672707623748
0.8116232464929859,0.44895275116904365,0.17958110046761747,-0.4651980628499814,0.2101069471035626
0.813627254509018,0.4489530734840778,0.17958122939363114,-0.4651982070055068,0.21010707307973292
0.81563126252505,0.4489683992127279,0.17958735968509118,-0.4652059996927994,0.21011098554622487
0.8176352705410821,0.4489530901302414,0.17958123605209655,-0.4651982240400149,0.2101070583537171
0.8196392785571142,0.4489669478525809,0.17958677914103238,-0.46520519689531364,0.21011075857215805
0.8216432865731462,0.44896173938861306,0.17958469575544525,-0.46520249422723603,0.21010954920561284
0.8236472945891783,0.44895428136712523,0.1795817125468501,-0.4651987953619255,0.2101074386116542
0.8256513026052104,0.44896563765176306,0.17958625506070525,-0.46520444147328177,0.21011062165371744
0.8276553106212424,0.44896168895486616,0.1795846755819465,-0.465202423964076,0.21010963512140965
0.8296593186372745,0.44895511552764017,0.17958204621105608,-0.465199177196813,0.21010774525191872
0.8316633266533066,0.44896477375890603,0.17958590950356243,-0.46520394769485185,0.2101105218177954
0.8336673346693386,0.4489617203147936,0.17958468812591744,-0.46520238449263474,0.21010976582566215
0.8356713426853707,0.448955951257479,0.1795823805029916,-0.4651995512587754,0.21010807126844014
0.8376753507014028,0.44895638120898435,0.17958255248359375,-0.46519973433622186,0.21010825972251665
0.8396793587174348,0.44896244712320205,0.17958497884928082,-0.46520261538907304,0.2101102583848728
0.8416833667334669,0.44896161809415647,0.1795846472376626,-0.46520227163965217,0.21010987451687713
0.843687374749499,0.44895703497599854,0.1795828139903994,-0.4652000329787163,0.21010850141502155
0.845691382765531,0.44896156367517775,0.17958462547007112,-0.4652021140535255,0.21011014826925659
0.8476953907815631,0.448957237411178,0.1795828949644712,-0.4652001003411403,0.21010863185056272
0.8496993987975952,0.4489579506093052,0.1795831802437221,-0.4652004276457927,0.2101088921613665
0.8517034068136272,0.44896021366925537,0.17958408546770216,-0.46520133679073483,0.21011000472236016
0.8537074148296593,0.4489580160394259,0.17958320641577036,-0.46520043476813894,0.21010896675691162
0.8557114228456913,0.4489587861337729,0.17958351445350915,-0.46520054249404713,0.21010979181188372
0.8577154308617234,0.4489590642015236,0.17958362568060945,-0.4652006623893287,0.21010991038950652
0.8597194388777555,0.44895878093319264,0.17958351237327708,-0.4652007563912719,0.2101093110425362
0.8617234468937875,0.4489594397253541,0.17958377589014166,-0.4652010595973103,0.21010954956846534
0.8637274549098196,0.4489597151768121,0.17958388607072487,-0.4652011668102001,0.2101096926125219
0.8657314629258517,0.4489571347606723,0.17958285390426892,-0.4651995783686018,0.21010964577325272
0.8677354709418837,0.4489596851799412,0.1795838740719765,-0.4652011375558113,0.21010971595597058
0.8697394789579158,0.4489557694793944,0.1795823077917578,-0.46519882548266966,0.21010942714772776
0.8717434869739479,0.44896167911708157,0.17958467164683264,-0.4652020256497637,0.2101105034376077
0.8737474949899798,0.4489606346124443,0.17958425384497773,-0.4652015545192014,0.2101101040116251
0.8757515030060119,0.4489545779295555,0.17958183117182222,-0.46519813921822445,0.21010930095304198
0.877755511022044,0.4489617092297726,0.17958468369190905,-0.46520198407927055,0.21011063706618072
0.879759519038076,0.4489611960487505,0.1795844784195002,-0.46520177820053715,0.21011038415324845
0.8817635270541081,0.44895386617076316,0.17958154646830526,-0.4651977332460433,0.21010921680299272
0.8837675350701402,0.44896179980546724,0.17958471992218691,-0.4652019696335405,0.2101107941425675
0.8857715430861722,0.4489616879211825,0.17958467516847304,-0.4652019668847782,0.2101106457072774
0.8877755511022043,0.4489619706835798,0.17958478827343194,-0.46520207383135553,0.21011079943675823
0.8897795591182364,0.44895191458033357,0.17958076583213345,-0.465196632880335,0.21010895776912042
0.8917835671342684,0.4489617648621228,0.17958470594484913,-0.46520189389456507,0.2101109135750459
0.8937875751503005,0.4489621991924939,0.17958487967699757,-0.4652021560607847,0.21011093296340383
0.8957915831663326,0.4489513181404195,0.1795805272561678,-0.46519630395343947,0.21010886229830142
0.8977955911823646,0.4489620965974319,0.1795848386389728,-0.46520207525669866,0.21011097017803995
0.8997995991983967,0.4489625806068437,0.17958503224273747,-0.4652022875326255,0.21011116863783114
0.9018036072144288,0.4489503381651121,0.17958013526604485,-0.46519575392466017,0.2101087266639299
0.9038076152304608,0.4489622984647435,0.1795849193858974,-0.46520212985807563,0.2101111280810612
0.9058116232464929,0.44894922636599005,0.17957969054639603,-0.4651951538923032,0.21010851967822985
0.907815631262525,0.4489495895396491,0.17957983581585965,-0.46519532569551647,0.2101086408711597
0.909819639278557,0.4489623991662943,0.17958495966651775,-0.46520213470135907,0.21011125643435904
0.9118236472945891,0.4489627751892419,0.17958511007569677,-0.4652023002706381,0.21011140916825063
0.9138276553106212,0.44896284247530993,0.179585136990124,-0.46520231283328894,0.21011147428080734
0.9158316633266532,0.44894830224448523,0.1795793208977941,-0.4651946324105519,0.21010839797500297
0.9178356713426853,0.44896467476981095,0.17958586990792438,-0.4652033619809239,0.2101116819259853
0.9198396793587174,0.4489473176265982,0.17957892705063927,-0.465194111199012,0.21010819212074686
0.9218436873747494,0.4489658401784334,0.17958633607137336,-0.46520397552227727,0.21011193301381803
0.9238476953907815,0.4489676209200176,0.17958704836800704,-0.4652049486350304,0.21011223779921503
0.9258517034068136,0.448946658634963,0.1795786634539852,-0.46519374742876873,0.21010808740112052
0.9278557114228456,0.44896828331751487,0.17958731332700595,-0.46520529965775154,0.21011237542513264
0.9298597194388777,0.4489633566748482,0.1795853426699393,-0.465202540272233,0.21011168086268261
0.9318637274549098,0.4489464790339153,0.17957859161356615,-0.4651936587400862,0.21010803571721592
0.9338677354709418,0.4489704663052772,0.1795881865221109,-0.4652064706234802,0.21011279767073057
0.9358717434869739,0.44897197230131186,0.17958878892052474,-0.4652072990307603,0.21011304339132805
0.937875751503006,0.44897270297798486,0.17958908119119396,-0.46520767117720785,0.21011322854111275
0.939879759519038,0.44894536356110554,0.17957814542444223,-0.46519305970652547,0.210107821439718
0.9418837675350701,0.448972782913147,0.1795891131652588,-0.4652077267893756,0.21011321580689343
0.9438877755511021,0.4489635332050952,0.1795854132820381,-0.4652025896382502,0.21011181536415308
0.9458917835671342,0.44894535997845597,0.17957814399138242,-0.46519307827258594,0.21010777538518902
0.9478957915831663,0.4489748749280585,0.1795899499712234,-0.46520887234933817,0.2101135686485823
0.9498997995991983,0.44896362026856634,0.17958544810742655,-0.4652026082085667,0.21011189448921494
0.9519038076152304,0.44894502607965786,0.17957801043186317,-0.4651929078501789,0.210107691564265
0.9539078156312625,0.4489760632913351,0.17959042531653405,-0.4652095029185813,0.2101138137186748
0.9559118236472945,0.4489443968669417,0.1795777587467767,-0.46519259059327134,0.21010752498630542
0.9579158316633266,0.44894492409786796,0.17957796963914718,-0.46519285673638583,0.21010766388656538
0.9599198396793587,0.448977020770859,0.17959080830834362,-0.4652100030805742,0.21011402865500847
0.9619238476953907,0.4489776240084006,0.17959104960336025,-0.4652102988471733,0.2101142069096218
0.9639278557114228,0.44896347265990355,0.17958538906396143,-0.46520249899583177,0.21011193243551599
0.9659318637274549,0.4489445549440239,0.17957782197760958,-0.4651926928548269,0.21010751689271337
0.9679358717434869,0.44897790251914854,0.17959116100765943,-0.46521046709888264,0.21011421902584473
0.969939879759519,0.44894406909208207,0.17957762763683285,-0.4651924582767427,0.2101073652536036
0.9719438877755511,0.44897759170182333,0.17959103668072934,-0.4652102744024185,0.2101142164150743
0.9739478957915831,0.4489785872482445,0.1795914348992978,-0.46521080757793215,0.21011441082702675
0.9759519038076151,0.4489440947014206,0.17957763788056824,-0.46519248381033634,0.21010734408956988
0.9779559118236472,0.4489778852819929,0.17959115411279716,-0.4652104180017958,0.21011430392536817
0.9799599198396792,0.4489629697403354,0.17958518789613417,-0.46520225582689495,0.21011177625963592
0.9819639278557113,0.4489445679853328,0.17957782719413312,-0.46519275967736945,0.2101073869542735
0.9839679358717434,0.4489780387780874,0.17959121551123497,-0.46521047913660213,0.2101143805547739
0.9859719438877754,0.4489788481496471,0.17959153925985885,-0.46521091895867156,0.21011452454039603
0.9879759519038075,0.44897893171973824,0.1795915726878953,-0.46521093954204884,0.21011459438206798
0.9899799599198396,0.44894440455766604,0.17957776182306642,-0.46519269411499975,0.21010730640357592
0.9919839679358716,0.4489778544248714,0.1795911417699486,-0.4652103727396967,0.21011436152392005
0.9939879759519037,0.44896255894984816,0.17958502357993927,-0.4652020510124844,0.21011166240089846
0.9959919839679358,0.44894504551118236,0.17957801820447297,-0.4651930639944757,0.21010737268662974
0.9979959919839678,0.44897817486292757,0.17959126994517105,-0.4652105502076064,0.21011441113864993
1.0,0.4489622616358314,0.17958490465433258,-0.4652018929099713,0.21011160183802885
