time,v_bus_a,v_bus_b,v_bus_c
0.0,1.4142135623730951,-0.7071067811865474,-0.7071067811865474
0.004008016032064128,0.08453352138861883,1.1802881569786643,-1.2648216783672825
0.008016032064128256,-1.4041076982743281,0.8482084021651827,0.5558992961091455
0.012024048096192383,-0.2523924346674765,-1.078886160837775,1.331278595505252
0.01603206412825651,1.3739345756826293,-0.9771875780481857,-0.39674699763444315
0.02004008016032064,0.41664418365358796,0.9620648676811918,-1.378709051334782
0.024048096192384766,-1.3241254079698426,1.0922009502827663,0.23192445768707515
0.028056112224448895,-0.5749413349738293,-0.8314939580710428,1.4064352930448714
0.03206412825651302,1.255392005421523,-1.1916047217548145,-0.06378728366670859
0.03607214428857715,0.7250214784800184,0.689039408522592,-1.4140608870026092
0.04008016032064128,-1.1687168331818805,1.2739783385244525,-0.10526150534256633
0.044088176352705406,-0.8647398849739386,-0.5367373453012941,1.4014772302752316
0.04809619238476953,1.0653385606588572,-1.3381445000707177,0.27280593941185877
0.052104208416833664,0.9920993997629425,0.37676419942607425,-1.3688635991890188
0.05611222444889779,-0.9467346089885149,1.3831860769844013,-0.4364514679958838
0.06012024048096192,-1.1052800688375035,-0.211406444276816,1.3166865131143217
0.06412825651302605,0.8146000706805357,-1.4084593680513944,0.593859297370857
0.06813627254509018,1.2026642419112634,0.043027292390186433,-1.2456915343014525
0.0721442885771543,-0.670823428312599,1.4136032301700245,-0.7427798018574241
0.07615230460921843,-1.2828601340296963,0.12596678698739577,1.156893347042303
0.08016032064128256,0.5174594788506965,-1.3985440882645612,0.8810846094138648
0.08416833667334668,1.344721533997612,-0.2931605520830327,-1.0515609819145797
0.08817635270541081,-0.3567000794275691,1.3634971441257615,-1.0067970646981952
0.09218436873747494,-1.3873646803268609,0.45616459726291253,0.9312000830639429
0.09619238476953906,0.1908427978324178,-1.3089634113047233,1.1181206134723076
0.1002004008016032,1.4104066591536728,-0.6127669953260138,-0.7976396638276545
0.10420841683366733,-0.022544633295046773,1.2359051454949133,-1.2133605121998687
0.10821643286573146,-1.4128928243829335,0.7601576222409475,0.6527352021419804
0.11222444889779558,-0.14636374831185278,-1.14502259672595,1.2913863450377938
0.11623246492985971,1.395396694159625,-0.8970432023156882,-0.49835349184393435
0.12024048096192384,0.3131806348659573,1.0377826313270877,-1.3509632661930442
0.12424849699398796,-1.3579589108671368,1.0211100201614804,0.3368488907056495
0.1282565130260521,-0.4755223890151551,-0.9157114123809563,1.391233801396112
0.13226452905811623,1.3011101768450184,-1.1305812080778748,-0.17052896876721366
0.13627254509018036,0.6310688539580858,0.7805530562408277,-1.411621910198905
0.1402805611222445,-1.2256680936007573,1.2238963427381866,0.0017717508625646541
0.1442885771543086,-0.7775956155518506,-0.6342380375246246,1.4118336530764737
0.14829659318637273,1.1327069766363966,-1.2997176941011652,0.16701071746477103
0.15230460921843686,0.9130090939617748,0.4788584943714595,-1.391867588333235
0.156312625250501,-1.0235585353600771,1.3569652237038996,-0.33340668834380355
0.16032064128256512,-1.0353736098892519,-0.3166352036138913,1.3520088135031225
0.16432865731462926,0.8997809848794788,-1.3948183702184669,0.4950373853389866
0.16833667334669336,1.1429415044206794,0.14988671869095876,-1.292828223111638
0.1723446893787575,-0.76314396541225,1.4127371144948824,-0.6495931490826352
0.17635270541082163,-1.2341740388779017,0.019003954527675407,1.2151700843502207
0.18036072144288576,0.6156002082736275,-1.4104652169180314,0.7948650086444075
0.1843687374749499,1.3077683881342064,-0.18762305294677623,-1.120145335187426
0.18837675350701402,-0.4592583985067853,1.388035159735141,-0.928776761228356
0.19238476953907813,-1.3626720688570673,0.35356063708614266,1.0091114317709189
0.19639278557114226,0.29635294613015783,-1.3457675120220691,1.049414565891913
0.2004008016032064,1.3965647603558047,-0.5137149011088621,-0.8828498592469362
0.20440881763527052,-0.1286380496631903,1.2839454605371254,-1.1553074108738919
0.20841683366733466,-1.413483177084199,0.6684431944050424,0.7450399826791511
0.2124248496993988,-0.04034684621058643,-1.2040381386476358,1.2443849848582227
0.21643286573146292,1.4086572069156742,-0.8123844015298632,-0.5962728053858262
0.22044088176352702,0.20875077222689983,1.106916452059275,-1.3156672242861724
0.22444889779559116,-1.3836997981231363,0.9447143194105518,0.43898547871250926
0.2284569138276553,-0.37417024900902307,-0.9939761826939943,1.3681464317030179
0.23246492985971942,1.3389675174704758,-1.0635423609053551,-0.27542515656511524
0.23647294589178355,0.5342417024967678,0.8668309653144899,-1.4010726678112444
0.24048096192384769,-1.2750995680686088,1.1671704148683508,0.10792915320025154
0.2444889779559118,-0.6866777368129271,-0.7272975898072536,1.4139753266201776
0.24849699398797592,1.1930084119825421,-1.2541176423876588,0.06110923040512131
0.25250501002004005,0.8292996461258717,0.5773699673543968,-1.4066696134802645
0.2565130260521042,-1.0938671462231404,1.323141327620734,-0.22927418139759856
0.2605210420841683,-0.960068633662799,-0.419190302799165,1.3792589364619576
0.26452905811623245,0.9790924562963312,-1.3732547710379959,0.39416231474167407
0.2685370741482966,1.0771186107956279,0.2550206430249984,-1.3321392538206216
0.2725450901803607,-0.8503241404703844,1.403740914114898,-0.5534167736445182
0.27655310621242485,-1.1787717132299267,-0.08720555942748931,1.2659772726574103
0.280561122244489,0.7094040069244189,-1.4141663683201169,0.7047623613957006
0.28456913827655306,1.2635806263695806,-0.08185549796267529,-1.1817251284068997
0.2885771543086172,-0.5583451504471875,1.4043807525850076,-0.8460356021378226
0.2925851703406813,-1.3303299448935502,0.24974684396919006,1.0805831009243536
0.29659318637274545,0.39930649077574626,-1.3745240476381717,0.9752175568624273
0.3006012024048096,1.3798616850123748,-0.41478249080918306,-0.9650791942031811
0.3046092184368737,-0.23513495185754987,1.3253047997012803,-1.0901698478437334
0.30861723446893785,-1.4061297841917055,0.5719830353389204,0.8341467488527792
0.312625250501002,0.06704047548629288,-1.2569234936626745,1.1898830181763447
0.3166332665330661,1.4141470194449686,-0.7222459054998231,-0.6919011139451647
0.32064128256513025,0.10201735333186873,1.170582710297586,-1.2726000636294532
0.3246492985971944,-1.4019528237208636,0.8621875457766789,0.5397652779441741
0.3286573146292585,-0.26961820371281675,-1.067511000484181,1.3371292041969782
0.33266533066132264,1.369721416557395,-0.9898072761619197,-0.37991414039547766
0.3366733466933867,0.43336646019038244,0.9491815696425678,-1.382548029832513
0.34068136272545085,-1.317913560440298,1.1032808182340699,0.21463274220625522
0.344689378757515,-0.5909211682628921,-0.8172861245230179,1.4082072927859155
0.3486973947895791,1.2472698178952846,-1.2009862293694724,-0.04628358852582809
0.35270541082164325,0.7400303141743162,0.673709817815431,-1.4137401319897527
0.3567134268537074,-1.1587996953455506,1.2815266816172721,-0.12272698627168951
0.3607214428857715,-0.878562021413221,-0.5205043726423133,1.399066394055559
0.36472945891783565,1.0537675721554793,-1.3437508226870425,0.28998325053154894
0.3687374749498998,1.004539432757978,0.3598610789338256,-1.3644005116918343
0.3727454909819639,-0.9336775644824366,1.3867735658650737,-0.45309600138261114
0.37675350701402804,-1.116159540781689,-0.19407432450405682,1.3102338652857746
0.3807615230460922,0.8002418054311473,-1.409974086656777,0.6097322812256203
0.38476953907815625,1.211826902955506,0.02551380919199224,-1.2373407121475166
0.3887775551102204,-0.655369561272584,1.413024207842607,-0.7576546465700036
0.3927855711422845,-1.2901753328205876,0.14341124998246196,1.1467640828381573
0.39679358717434865,0.5011308843882193,-1.3958795033487643,0.8947486189605404
0.4008016032064128,1.3487948564914225,-0.3100436088760245,-1.0387512476154201
0.4048096192384769,-0.3391575708083952,1.3585440504340287,-1.0193864796256105
0.40881763527054105,-1.390723463786658,0.4732405444620517,0.9174829193246458
0.4128256513026052,0.17289416807319527,-1.3019712418126372,1.1290770737394535
0.4168336673346693,1.4113900321142208,-0.6288897440719654,-0.7825002880422758
0.42084168336673344,-0.004163255024223267,1.226785722973613,-1.2226224679493098
0.4248496993987976,-1.4118858037813897,0.7755498359751862,0.6363359678062369
0.4288577154308617,-0.16462592452158242,-1.13406834802567,1.29869427254726
0.43286573146292584,1.3922037270883827,-0.9111253995855615,-0.48107832750284574
0.4368737474949899,0.33106162790714777,1.0251438570761127,-1.3562054849832765
0.44088176352705405,-1.3526249872560083,1.0336791349025451,0.31894585235349326
0.4448897795591182,-0.4927655174004706,-0.9015687161381049,1.394334233538586
0.4488977955911823,1.2937151272389333,-1.1414596892887499,-0.1522554379502065
0.45290581162324645,0.6474265483013819,0.7651086703103233,-1.4125352186117155
0.4569138276553106,-1.2163163279737286,1.2329271906148045,-0.016610862641047434
0.4609218436873747,-0.792835547726934,-0.6177148066202849,1.4105503543472382
0.46492985971943884,1.1215347659431603,-1.3067745200879912,0.18523975414480656
0.468937875751503,0.9269127990490853,0.4614920311035357,-1.3884048301526226
0.4729458917835671,-1.0107230185200922,1.361943970593908,-0.3512209520737927
0.47695390781563124,-1.0477426927588958,-0.29867381018529715,1.3464165029442166
0.48096192384769537,0.8854674673287928,-1.3976503162193783,0.5121828488905692
0.4849699398797595,1.1535991857594017,0.13158726654031833,-1.2851864522997412
0.4889779559118236,-0.7475566970533728,1.4133814466483778,-0.6658247495949872
0.4929859719438877,-1.2429684211049117,0.03738010386162097,1.2055883172433184
0.49699398797595185,0.5989619635550611,-1.4089128309055299,0.809950867350458
0.501002004008016,1.3150634814240265,-0.20547184353362566,-1.1095916378904236
0.5050100200400801,-0.44237544751466373,1.3845098601288726,-0.9421344126141981
0.5090180360721442,-1.3673225684744164,0.37077307065248183,0.9965494978219634
0.5130260521042084,0.278916841605892,-1.3401808171587128,1.0612639755528037
0.5170340681362725,1.400668765279409,-0.5309887000841582,-0.8696800651952801
0.5210420841683366,-0.11147057771395025,1.2767043407633158,-1.1652337630493608
0.5250501002004008,-1.41399651262066,0.6836167189430234,0.7303797936776619
0.5290581162324649,-0.057570002576856794,-1.1949804488218487,1.2525504513987693
0.533066132264529,1.4071152294238296,-0.8264751670939924,-0.5806400623298643
0.5370741482965932,0.22578847058829496,1.0961774088378649,-1.3219658794261655
0.5410821643286573,-1.38012331667018,0.9575220071889211,0.422601309481289
0.5450901803607214,-0.39078036034314617,-0.9817075175582137,1.37248787790137
0.5490981963927856,1.3334066155115498,-1.0748841712828878,-0.25852244422868764
0.5531062124248497,0.5501880950443592,0.8532077128832315,-1.4033958079276
0.5571142284569138,-1.2676328242145745,1.17688419986473,0.09074862434987085
0.561122244488978,-0.7017319662029521,-0.7125126648461495,1.4142446310491184
0.565130260521042,1.1837419187812022,-1.2620641940259079,0.07832227524468212
0.5691382765531061,0.8432466592926221,0.5616343937357495,-1.4048810530283744
0.5731462925851702,-1.0829334582353152,1.329207257413855,-0.24627379917851605
0.5771543086172344,-0.9727099833305896,-0.40272953466024464,1.3754395179908554
0.5811623246492985,0.9666472024613417,-1.377352943888153,0.4107057414267929
0.5851703406813626,1.0882707057264724,0.23806861161700688,-1.3263393173434992
0.5891783567134268,-0.8365459104059915,1.4058137028487059,-0.5692677924426964
0.5931863727454909,-1.1882787850995138,-0.07000565085076116,1.2582844359503005
0.597194388777555,0.6944888478053626,-1.41418275508491,0.7196939072795343
0.6012024048096192,1.2712904476952642,-0.09969803064494549,-1.1715924170503433
0.6052104208416833,-0.5419457868040884,1.4021796965329685,-0.8602339097288692
0.6092184368737474,-1.3362692621844077,0.267252906879637,1.0690163553047989
0.6132264529058116,0.3821946973059191,-1.3702324780149842,0.9880377807090421
0.6172344689378757,1.3819576191386704,-0.4310630952127039,-0.9508945239259969
0.6212424849699398,-0.21698206675765339,1.3186968427911376,-1.1017147760334254
0.625250501002004,-1.4078957046605138,0.5887113253620798,0.8191843792984577
0.6292585170340681,0.048669677307881076,-1.248315726898531,1.1996460495906343
0.6332665330661322,1.4137129123511492,-0.7379452095046231,-0.6757677028465546
0.6372745490981964,0.1203375757394615,1.1600946923162734,-1.280432268055737
0.6412825651302605,-1.3993260503770406,0.8766323037126283,0.5226937466644868
0.6452905811623246,-0.287624639124499,-1.0552943293910295,1.342918968515539
0.6492985971943888,1.3649423539859062,-1.002792070109751,-0.36215028387617315
0.6533066132264529,0.4508009300244382,0.9354122343374685,-1.3862131643619153
0.657314629258517,-1.311050638829258,1.1146198694650706,0.19643076936421439
0.6613226452905812,-0.6075345961706939,-0.802161727052367,1.409696323223075
0.6653306613226453,1.2384200089092983,-1.210516329095769,-0.027903679813554655
0.6693386773547093,0.7555854268774294,0.6574467953041776,-1.413032222181622
0.6733466933867734,-1.1480911119641075,1.2891131222258967,-0.14102201026176514
0.6773547094188376,-0.8928386040161425,-0.503336237513647,1.3961748415298085
0.6813627254509017,1.0413534442472294,-1.349285678431216,0.30793223418396554
0.6853707414829658,1.0173304138244834,0.34203138373639713,-1.3593617975609007
0.68937875751503,-0.9197333276368345,1.390174967365465,-0.4704416397286118
0.6933867735470941,-1.1272829930059542,-0.17583831521810145,1.3031213082240791
0.6973947895791582,0.7849685474766656,-1.4111961577303291,0.6262276102536479
0.7014028056112224,1.2210041579318611,0.007797962236823892,-1.2288021201687107
0.7054108216432865,-0.6395339310367462,1.4121668683384503,-0.7726329373016902
0.7094188376753506,-1.297361709420084,0.16111573010335456,1.136245979316756
0.7134268537074148,0.48443773311543115,-1.3929028635360097,0.9084651304205763
0.7174348697394789,1.3552775526669079,-0.32763389920683106,-1.0276436534600981
0.721442885771543,-0.32241819023154555,1.3537372821218119,-1.0313190918902657
0.7254509018036072,-1.393823839050489,0.48947092901991,0.9043529100306112
0.7294589178356713,0.15578940616680395,-1.2952234153521063,1.1394340091852966
0.7334669338677354,1.4124494832036187,-0.6443132132762379,-0.768136269927411
0.7374749498997996,0.013066652295974646,1.2181977336277847,-1.231264385923759
0.7414829659318637,-1.4108882632946018,0.7899473857396865,0.6209408775549512
0.7454909819639278,-0.18173637873141593,-1.12376125146791,1.3054976301993313
0.749498997995992,1.3891605170740304,-0.9242904410136936,-0.46487007606036473
0.7535070140280561,0.34780894227553405,1.0132637787995875,-1.3610727210751281
0.7575150300601202,-1.3475811768595831,1.0454250210542757,0.3021561558053355
0.7615230460921844,-0.5089105247058707,-0.8882845064492679,1.397195031155149
0.7655310621242485,1.2867409241739989,-1.1516174869372746,-0.13512343723674317
0.7695390781563125,0.6627389274597598,0.7506100154562414,-1.4133489429160142
0.7735470941883766,-1.207512594475009,1.2413528543961143,-0.0338402599210849
0.7775551102204408,-0.8070947466818833,-0.6022073135945052,1.4093020602764053
0.7815631262525049,1.1110254074083044,-1.313345760875268,0.20232035346694183
0.785571142284569,0.9399163099215694,0.4451986727747696,-1.3851149826963576
0.7895791583166332,-0.9986597061274882,1.3665686219061166,-0.36790891577860824
0.7935871743486973,-1.0593046462420794,-0.2818273044881012,1.3411319507302022
0.7975951903807614,0.8720212915295796,-1.4002606202098582,0.5282393286802617
0.8016032064128256,1.1635946750058987,0.11389264188772907,-1.2774873168936511
0.8056112224448897,-0.7323880284376685,1.4138684729726205,-0.6814804445349371
0.8096192384769538,-1.2513669213631395,0.05517604824928424,1.1961908731138808
0.813627254509018,0.5827862896759183,-1.4072718486459115,0.8244855589699845
0.8176352705410821,1.3210239512199413,-0.22341290798526764,-1.0976110432359927
0.8216432865731462,-0.4248566315644874,1.3805609905498464,-0.9557043589853005
0.8256513026052104,-1.3718265800032439,0.3884591811278211,0.9833673988754533
0.8296593186372745,0.2608561469835229,-1.3341202223564577,1.0732640753729261
0.8336673346693386,1.403010943318726,-0.5479512287890717,-0.8550597145296759
0.8376753507014028,-0.09312820773035235,1.2686130830438471,-1.1754848753134992
0.8416833667334669,-1.414144045158975,0.6996118408663153,0.714532204292692
0.845691382765531,-0.07593012764294514,-1.1849740067901293,1.2609041344330745
0.8496993987975952,1.4050663630352092,-0.8412734109619581,-0.5637929520732716
0.8537074148296593,0.24390319252873474,1.0844009530015155,-1.3283041455302524
0.8577154308617234,-1.375906413054643,0.9709107146547832,0.4049956983998919
0.8617234468937875,-0.40839111821586044,-0.9683317817511544,1.3767228999670258
0.8657314629258517,1.3270858791892246,-1.0866744413301745,-0.24041143785905378
0.8697394789579158,0.5670414411594384,0.8384210525244497,-1.405462493683898
0.8737474949899798,-1.259295856414145,1.1869052300446243,0.07239062636954997
0.877755511022044,-0.7175880910104112,-0.6965285691518031,1.4141166601622321
0.8817635270541081,1.1735095403091138,-1.2701741310864725,0.0966645907773364
0.8857715430861722,0.8578792212101243,0.5446814848704722,-1.4025607060806116
0.8897795591182364,-1.070950624957117,1.335288728180484,-0.2643381032233427
0.8937875751503005,-0.9859099437356971,-0.38504989263778344,1.3709598363734963
0.8977955911823646,0.9530878072366695,-1.3813221052239546,0.4282342979872681
0.9018036072144288,1.0998832596404793,0.22034021825896533,-1.3202234778994641
0.9058116232464929,-0.8221165019448977,1.4076407696672055,-0.5855242677222815
0.909819639278557,-1.1978370933429292,-0.05221342050429137,1.2500505138472464
0.9138276553106212,0.6789197690056145,-1.4138838483795937,0.7349640793739738
0.9178356713426853,1.2790021077947786,-0.1168125439322409,-1.1621895638625426
0.9218436873747494,-0.5260188691473056,1.3999209649266733,-0.8739020957793464
0.9258517034068136,-1.3418878041109148,0.2841703627791486,1.057717441331799
0.9298597194388777,0.36559899913868876,-1.3659498821901053,1.0003508830514298
0.9338677354709418,1.3855951989740938,-0.4474675126314138,-0.9381276863427062
0.937875751503006,-0.19995339022661188,1.3124562825022787,-1.112502892275654
0.9418837675350701,-1.409499591760282,0.6043697818869411,0.8051298098733705
0.9458917835671342,0.03144976712340393,-1.2402048645345216,1.208755097411118
0.9498997995991983,1.4132595526791099,-0.7526346057810017,-0.660624946898136
0.9539078156312625,0.13750354421925623,1.1502289077256134,-1.2877324519448712
0.9579158316633266,-1.3968216659187709,0.8901431893847256,0.5066784765340745
0.9619238476953907,-0.3044916247003668,-1.0438131907899875,1.3483048154903625
0.9659318637274549,1.3604193954821946,-1.0149291259429982,-0.34549026953921547
0.969939879759519,0.4671279633526995,0.9224798454982237,-1.3896078088509314
0.9739478957915831,-1.304574879477339,1.1252103748447988,0.17936450463256798
0.9779559118236472,-0.6230881054667555,-0.7879624548293728,1.4110505602961418
0.9819639278557113,1.230085945379997,-1.2194104887784636,-0.010675456601558136
0.9859719438877754,0.7701431907608035,0.6421836121552174,-1.4123268029160354
0.9899799599198396,-1.1380174288010312,1.2961838652499715,-0.1581664364489155
0.9939879759519037,-0.9061914351364854,-0.48722677606036746,1.3934182111968723
0.9979959919839678,1.0296824842965069,-1.3544299134943814,0.32474742919785426
1.002004008016032,1.0293191802464372,0.32486321807278973,-1.3541823983192458
1.006012024048096,-0.9061412143336213,1.3933374720854794,-0.4871962577518404
1.0100200400801602,-1.137948698996499,-0.1581581265185909,1.296106825515114
1.0140280561122244,0.770097237176034,-1.412242025884255,0.6421447887082056
1.0180360721442885,1.2300113037414169,-0.01067530503699822,-1.2193359987043895
1.0220440881763526,-0.6230491623533615,1.410963495106274,-0.7879143327528828
1.0260521042084167,-1.3044943371589681,0.17935417831334027,1.1251401588456518
1.0300601202404809,0.46709791607526036,-1.389520489525414,0.922422573450145
1.034068136272545,1.360337239736654,-0.34547034760125245,-1.0148668921354211
1.0380761523046091,-0.30447224891068303,1.3482222623157185,-1.0437500134050286
1.0420841683366733,-1.396735882829687,0.50664785278892,0.890088030040796
1.0460921843687374,0.137494706576969,-1.2876530084940834,1.1501583019171042
1.0501002004008015,1.4131696260662876,-0.6605827984107686,-0.7525868276555472
1.0541082164328657,0.031447690679248436,1.2086810131133618,-1.2401287037926108
1.0581162324649298,-1.4094127710730093,0.8050798295008571,0.604332941572181
1.062124248496994,-0.19994002529813518,-1.112432850687684,1.3123728759858229
1.066132264529058,1.385509314417739,-0.9380688226267557,-0.44744049179102974
1.0701402805611222,0.36557555931867214,1.0002895955037236,-1.365865154822403
1.0741482965931863,-1.341805631789075,1.057651912639558,0.2841537191495582
1.0781563126252505,-0.5259860891176144,-0.8738491348224825,1.3998352239401073
1.0821643286573146,1.278924687559092,-1.1621189407762555,-0.11680574678285977
1.0861723446893787,0.6788791692308276,0.7349197027197965,-1.4137988719506378
1.0901803607214429,-1.1977656080759629,1.249977077108388,-0.05221146903240083
1.094188376753507,-0.822070037192984,-0.5854870575102019,1.4075570947032026
1.0981963927855711,1.0994885261411016,-1.3199710867102747,0.22048256056915055
1.1022044088176353,0.9533608848594377,0.42819856831143943,-1.3815594531708966
1.1062124248496994,-0.9859646518611305,1.3710389274567683,-0.3850742755956173
1.1102204408817635,-1.0710163722703472,-0.2643530311301253,1.3353694034004946
1.1142284569138277,0.8579291334075557,-1.4026430306861122,0.5447138972785448
1.1182364729458918,1.1735788335526909,0.09667081012897934,-1.2702496436816924
1.122244488977956,-0.71763181026702,1.414201452892292,-0.6965696426252566
1.12625250501002,-1.259371613147787,0.07239406543881849,1.1869775477090092
1.130260521042084,0.5670768325173293,-1.4055481586994933,0.8384713261821515
1.134268537074148,1.3271656587783338,-0.24042510010437168,-1.0867405586739658
1.1382765531062122,-0.40841656204196075,1.3768065752777234,-0.96839001323577
1.1422845691382764,-1.375991953116309,0.4050204454584465,0.9709715076578848
1.1462925851703405,0.24391883704880948,-1.3283875605019535,1.0844687234531392
1.1503006012024046,1.4051541211874066,-0.5638281680901459,-0.841325953097289
1.1543086172344688,-0.0759348010764436,1.260984375447111,-1.1850495743706553
1.158316633266533,-1.4142311395924028,0.7145766350377655,0.6996545045546665
1.162324649298597,-0.09313457190840572,-1.175556762296541,1.2686913342049595
1.1663326653306612,1.4030971458838353,-0.8551129287507189,-0.5479842171331462
1.1703406813627253,0.2608729703973998,1.0733294746458864,-1.334202445043291
1.1743486973947894,-1.3719098785625816,0.9834277854546677,0.38848209310794235
1.1783567134268536,-0.4248830206814178,-0.9557620046600719,1.3806450253414988
1.1823647294589177,1.321116170019027,-1.0976882249729998,-0.22342794504605273
1.1863727454909818,0.5828206049879749,0.8245348692037604,-1.4073554741917473
1.190380761523046,-1.251440685912743,1.1962601052684032,0.05518058064436557
1.19438877755511,-0.7324285549461966,-0.6815236313824016,1.413952186328613
1.1983967935871742,1.1638798505419639,-1.2777352589361468,0.11385540839415943
1.2024048096192383,0.8718759933687104,0.5281753169243725,-1.4000513102931007
1.2064128256513025,-1.059243842314834,1.3410518258363704,-0.28180798352151726
1.2104208416833666,-0.9986012132824806,-0.36788857061228214,1.3664897838947834
1.2144288577154307,0.939861009035955,-1.3850332930474285,0.4451722840114543
1.2184368737474949,1.1109591783988264,0.20230787185718455,-1.3132670502560286
1.222444889779559,-0.8070453557781143,1.409216874854158,-0.6021715190760263
1.2264529058116231,-1.207439162953044,-0.03383730981212556,1.2412764727651935
1.2304609218436873,0.662696786514037,-1.4132606553052787,0.7505638687912303
1.2344689378757514,1.2866625778193264,-0.13511593136991454,-1.1515466464494373
1.2384769539078155,-0.5088778372760353,1.397106793348337,-0.8882289560722909
1.2424849699398797,-1.347497361595301,0.3021376854775901,1.045359676117739
1.2464929859719438,0.34778655728899843,-1.3609860785554373,1.0131995212664322
1.250501002004008,1.3890742533751408,-0.46484117943683106,-0.9242330739383378
1.254509018036072,-0.1817250528736107,1.3054150932904822,-1.1236900404168675
1.2585170340681362,-1.4107990401988635,0.6209012683287134,0.7898977718701788
1.2625250501002003,0.013066413091739192,-1.2311870602259127,1.2181206471341737
1.2665330661322645,1.4123608046696654,-0.7680873935932591,-0.6442734110764341
1.2705410821643286,0.15577875787869136,1.139363248598695,-1.2951420064773893
1.2745490981963927,-1.3937375440374098,0.9042961511141966,0.48944139292324107
1.2785571142284569,-0.32239776189759556,-1.0312561204842658,1.3536538823818682
1.282565130260521,1.3551958704003906,-1.0275814465344435,-0.3276144238659744
1.2865731462925851,0.4844091949585841,0.9084109274527477,-1.3928201224113412
1.2905811623246493,-1.297285598974307,1.1361804364502746,0.16110516252405888
1.2945891783567134,-0.6394975403216125,-0.772582535138925,1.4120800754605511
1.2985971943887775,1.220834872665585,-1.2285415372459725,0.007706664580362954
1.3026052104208417,0.7850457700834461,0.6263309193058894,-1.411376689389355
1.3066132264529058,-1.12734701065452,1.3031979316841702,-0.17585092102962646
1.31062124248497,-0.9197886555539218,-0.4704686802826412,1.3902573358365629
1.314629258517034,1.0173917852936227,-1.3594439721911982,0.34205218689755534
1.3186372745490982,1.0414169981915986,0.30795146483226893,-1.349368463023886
1.3226452905811623,-0.8928941962121313,1.396260951098848,-0.5033667548867024
1.3266533066132264,-1.148162032854359,-0.14103154003584253,1.2891935728902166
1.3306613226452906,0.7556342891115965,-1.4131223663231147,0.6574880772115094
1.3346693386773545,1.2384977586448545,-0.027904853859774842,-1.2105929047851045
1.3386773547094186,-0.6075741985713292,1.409787201547876,-0.8022130029765391
1.3426853707414828,-1.311132903616347,0.19644287904906288,1.1146900245673106
1.3466933867735469,0.45083028945051057,-1.3863031534546564,0.9354728640041362
1.350701402805611,1.365026096228432,-0.3621725068304159,-1.0028535893980437
1.3547094188376752,-0.2876425070941188,1.3430029904708805,-1.0553604833767292
1.3587174348697393,-1.3994153566869185,0.522727476343406,0.8766878803435234
1.3627254509018034,0.12034451503744444,-1.2805120437083304,1.1601675286709285
1.3667334669338675,1.4138025122666136,-0.6758111911259016,-0.7379913211406023
1.3707414829659317,0.04867357891846705,1.1997212161486817,-1.248394795067145
1.3747494989979958,-1.4079834678879786,0.8192360838476966,0.5887473840401724
1.37875751503006,-0.2169957840508035,-1.1017815053122055,1.318777289362992
1.382765531062124,1.382041801494172,-0.950952573408268,-0.4310892280857962
1.3867735470941882,0.3822171367746774,0.9880972932611922,-1.3703144300358399
1.3907815631262523,-1.336348128774173,1.069078136165939,0.26726999260812945
1.3947895791583165,-0.5419756491278448,-0.8602904364667328,1.402266085594535
1.3987975951903806,1.2715556105475727,-1.1719245592574663,-0.09963105129000728
1.4028056112224447,0.6944214569845532,0.7196073006526778,-1.4140287576371835
1.4068136272545089,-1.1882118920345108,1.2582111162668306,-0.06999922423241312
1.410821643286573,-0.8364967259775761,-0.5692356546120677,1.4057323805895785
1.4148296593186371,1.0882056186668763,-1.3262596488357263,0.2380540301688659
1.4188376753507013,0.9665885506308932,0.41068038744981067,-1.3772689380805943
1.4228456913827654,-0.9726493392284781,1.3753545553196584,-0.4027052160912566
1.4268537074148295,-1.082866834865125,-0.24625790781239376,1.329124742677423
1.4308617234468937,0.8431933960941955,-1.4047935031214567,0.5616001070273253
1.4348697394789578,1.1836689469123522,0.07831674646217235,-1.2619856933744424
1.438877755511022,-0.7016872885862587,1.4141557723997173,-0.7124684838135069
1.442885771543086,-1.2675544063859567,0.09074333653721631,1.1768110698486427
1.4468937875751502,0.5501532948245326,-1.403307543399263,0.8531542485747731
1.4509018036072143,1.3333235043542697,-0.2585061795135972,-1.0748173248405692
1.4549098196392785,-0.3907564726328525,1.3724029678507519,-0.98164649521793
1.4589178356713426,-1.3800375628403874,0.42257448882972026,0.9574630740105589
1.4629258517034067,0.22577549371383243,-1.321885559087389,1.0961100653735685
1.4669338677354709,1.4070286407342025,-0.5806035727203628,-0.8264250680137294
1.470941883767535,-0.057567403715595,1.2524742305716843,-1.194906826856094
1.4749498997995991,-1.4139105414059965,0.7303346302949558,0.6835759111109296
1.4789579158316633,-0.11146319127364779,-1.1651644593089618,1.2766276505826004
1.4829659318637274,1.400585982911118,-0.8696283569818041,-0.5309576259292045
1.4869739478957915,0.27890069588400873,1.0612012088100538,-1.3401019046940406
1.4909819639278556,-1.367243962551633,0.9964933260455262,0.370750636506
1.4949899799599198,-0.4423526069045626,-0.9420729244216577,1.3844255313261853
1.498997995991984,1.3143615554950987,-1.1091166515562938,-0.20524490393870218
1.503006012024048,0.5990381596951209,0.810014054465075,-1.4090522141601525
1.5070140280561122,-1.2430395702596189,1.2056593104751343,0.03738025978438769
1.5110220440881763,-0.7476013984701984,-0.66586327128641,1.4134646697565496
1.5150300601202404,1.1536683617138677,-1.2852635293770112,0.1315951676632454
1.5190380761523046,0.8855209790826922,0.5122144539618231,-1.3977354330444425
1.5230460921843687,-1.0478079984780304,1.3464996263064828,-0.29869162782852066
1.5270541082164328,-1.010785532348527,-0.35124363113941115,1.3620291634878618
1.531062124248497,0.9269714027387412,-1.3884915742067856,0.4615201714681207
1.535070140280561,1.1216043368632587,0.18525196660278226,-1.3068563034659544
1.539078156312625,-0.7928859176862174,1.4106391235521698,-0.6177532058660125
1.5430861723446891,-1.2163933444969164,-0.016612178090711832,1.2330055225875334
1.5470941883767533,0.647468136244309,-1.412625726371079,0.765157590126819
1.5511022044088174,1.2937950498654838,-0.15226481087882776,-1.1415302389865556
1.5551102204408815,-0.49279606660355196,1.3944213273718096,-0.9016252607682963
1.5591182364729457,-1.3527085678272173,0.3189660248212582,1.033742543005848
1.5631262525050098,0.33108156103765507,-1.3562895827550054,1.0252080217173762
1.567134268537074,1.3922912930009657,-0.48110934275288086,-0.9111819502479764
1.571142284569138,-0.16463503085101094,1.2987726286013412,-1.1341375977503432
1.5751503006012022,-1.4119731081197648,0.636376039719531,0.775597068400124
1.5791583166332663,-0.004164178604309329,-1.2226961225965793,1.2268603012008883
1.5831663326653305,1.41147406580576,-0.78254706773894,-0.62892699806671
1.5871743486973946,0.17290387713954936,1.1291434755451504,-1.3020473526846865
1.5911823647294587,-1.3908036043711756,0.9175345659795108,0.4732690383915561
1.5951903807615229,-0.3391724809206689,-1.0194534638009198,1.3586259447215618
1.599198396793587,1.3502558977686787,-1.0394086705249548,-0.31084722724361885
1.6032064128256511,0.5010531306790682,0.8947040320043049,-1.395757162683331
1.6072144288577153,-1.2901027912593628,1.1466977823133058,0.14340500894595581
1.6112224448897794,-0.6553312988450009,-0.7576116656677945,1.4129429645127438
1.6152304609218435,1.211753415947905,-1.2372655477048333,0.02551213175699059
1.6192384769539077,0.8001928997306996,0.6096944398668023,-1.4098873395974538
1.6232464929859718,-1.1160893150834506,1.3101521860311782,-0.19406287094781655
1.627254509018036,-0.9336192000158593,-0.4530665863096027,1.3866857863253872
1.6312625250501,1.0044754490715013,-1.3643145908982621,0.35983914182683835
1.6352705410821642,1.053700545510255,0.28996381228117835,-1.343664357791364
1.6392785571142283,-0.8785065598742333,1.398978793189962,-0.5204722333157965
1.6432865731462925,-1.1587258936526679,-0.12271876408312077,1.2814446577356877
1.6472945891783566,0.7399826299655302,-1.4136493397566232,0.6736667097911502
1.6513026052104207,1.2471915243197957,-0.04628084138751437,-1.2009106829321847
1.6553106212424848,-0.5908838673523923,1.4081182058785482,-0.8172343385262022
1.659318637274549,-1.3178287237121213,0.21461859603959382,1.1032101276724258
1.6633266533066131,0.43333963228744915,-1.3824610893090745,0.9491214570216587
1.6673346693386772,1.3696352938647107,-0.3798897034122677,-0.9897455904523363
1.6713426853707414,-0.2696019568440064,1.3370450826988725,-1.0674431258548875
1.6753507014028055,-1.4018647393088381,0.5397307995060364,0.8621339398026924
1.6793587174348696,0.1020114263897745,-1.2725213773856674,1.1705099509959007
1.6833667334669338,1.4140603952547328,-0.6918587354466548,-0.7222016598079679
1.687374749498998,0.06703703806192379,1.1898104664357128,-1.256847504497642
1.691382765531062,-1.4060462443218442,0.8340986210539859,0.5719476232677484
1.6953907815631262,-0.23512755572063695,-1.0900957885779887,1.3252233442986072
1.6993987975951903,1.377937176524781,-0.964417771558867,-0.4135194049658068
1.7034068136272544,0.39936998501222204,0.9752679324457241,-1.374637917457903
1.7074148296593186,-1.3304068766550983,1.0806473803009549,0.24975949635403966
1.7114228456913827,-0.5583783679405632,-0.846084229658393,1.4044625975989125
1.7154308617234468,1.263655450392931,-1.181795140484742,-0.08186030990807824
1.719438877755511,0.7094462487260511,0.704805018343399,-1.414251267069393
1.723446893787575,-1.1788444546995631,1.2660550878834058,-0.08721063318393343
1.7274549098196392,-0.8503747294814109,-0.5534518129162592,1.4038265423976888
1.7314629258517034,1.0771846928382165,-1.332220187916797,0.2550354950786605
1.7354709418837675,0.9791521294318073,0.3941870480631541,-1.3733391774948838
1.7394789579158316,-0.9601292530358444,1.3793455745901961,-0.419216321554426
1.7434869739478958,-1.0939347888612005,-0.22928847945975678,1.3232232683208731
1.7474949899799597,0.8293519450315661,-1.4067598222584543,0.5774078772248713
1.7515030060120238,1.1930831086779048,0.06111258157392188,-1.254195690251725
1.755511022044088,-0.686719661574512,1.4140626735906863,-0.7273430120162271
1.759519038076152,-1.2751786891625936,0.10793659626122659,1.1672420929012688
1.7635270541082162,0.5342742305666565,-1.4011602837885995,0.8668860532219854
1.7675350701402803,1.339051786077517,-0.275443608253348,-1.063608177824064
1.7715430861723445,-0.37419219876223425,1.36823043835551,-0.9940382395933047
1.7755511022044086,-1.3837849204773447,0.4390134480454713,0.9447714724317661
1.7795591182364727,0.20876276209308023,-1.3157483413110251,1.106985579217962
1.7835671342685369,1.408742392660895,-0.5963092872851912,-0.8124331053755931
1.787575150300601,-0.040349433512401334,1.2444592697000418,-1.204109836187643
1.7915831663326651,-1.4135661113983826,0.7450826546409698,0.668483456757303
1.7955911823647293,-0.1286404080379917,-1.1553856835532494,1.2840260915912312
1.7995991983967934,1.3981873256935076,-0.8832073776024199,-0.5149799480909784
1.8036072144288575,0.2963113143469745,1.0493452866724227,-1.345656601019372
1.8076152304609217,-1.3625933425158905,1.0090518840289748,0.3535414584868097
1.8116232464929858,-0.4592315987869716,-0.9287228017220226,1.3879544005089586
1.81563126252505,1.3076909237073602,-1.1200796556595471,-0.1876112680477197
1.819639278557114,0.6155645980219727,0.7948165444486972,-1.4103811424706212
1.8236472945891782,-1.2340992623671823,1.2150979989600206,0.019001263407069563
1.8276553106212423,-0.7630992471965468,-0.6495523036680501,1.4126515508645354
1.8316633266533064,1.1428710063269183,-1.2927503872225319,0.1498793808956813
1.8356713426853706,0.8997274921240651,0.4950055850331092,-1.3947330771571036
1.8396793587174347,-1.0353096245147864,1.351927148120947,-0.3166175236062414
1.8436873747494988,-1.023496899301069,-0.3333847666563293,1.3568816659573188
1.847695390781563,0.912952112800641,-1.3917825412333586,0.4788304284327882
1.851703406813627,1.1326359360170413,0.16699931708056132,-1.2996352530975157
1.8557114228456912,-0.7775462700038912,1.411745299272043,-0.6341990292682125
1.8597194388777554,-1.2255916467348023,0.0017723139573750102,1.2238193327773246
1.8637274549098195,0.6310293774498698,-1.4115345794937382,0.7805052020439205
1.8677354709418836,1.3010286582160089,-0.17051847672159892,-1.1305101814943088
1.8717434869739478,-0.4754933139035941,1.3911490962423738,-0.9156557823388158
1.875751503006012,-1.357874588633833,0.33682812986891786,1.0210464587648092
1.879759519038076,0.3131612129629795,-1.3508797623500615,1.0377185493871066
1.8837675350701402,1.3953122194607812,-0.49832351830142674,-0.8969887011592452
1.8877755511022043,-0.14635428716326981,1.2913072607240375,-1.144952973560779
1.8917835671342684,-1.4128086621057743,0.6526971315271342,0.7601115305785299
1.8957915831663326,-0.022544610039674597,-1.213278441989362,1.235823052029035
1.8997995991983967,1.410113690463902,-0.7977426556126379,-0.6123710348511542
1.9038076152304608,0.19057292161962666,1.1183365647794459,-1.3089094863990516
1.907815631262525,-1.3874564130043374,0.9310094738431888,0.45644693916104057
1.911823647294589,-0.3564319213930324,-1.0070255762524274,1.363457497645432
1.9158316633266532,1.3448477716275204,-1.0513975589784104,-0.2934502126490158
1.9198396793587174,0.5172056748507917,0.8813350070111863,-1.3985406818619355
1.9238476953907815,-1.2830184282205117,1.1567604328240886,0.12625799539632648
1.9278557114228456,-0.6705885235421659,-0.7430472620625203,1.4136357856046338
1.9318637274549098,1.2028515890507305,-1.2455912150645847,0.042739626014135806
1.9358717434869739,0.8143878442705397,0.5941392192130159,-1.408527063483507
1.939879759519038,-1.1054932417768453,1.3166201606841077,-0.21112691890734742
1.9438877755511021,-0.946548216159443,-0.4367393781338566,1.3832875942932283
1.9478957915831663,0.9923350140038,-1.3688320732528674,0.3764970592491463
1.9519038076152302,1.0651830644483768,0.2730978373452607,-1.3382809017935535
1.9559118236472943,-0.8649953501948133,1.4014826184523705,-0.5364872682576245
1.9599198396793585,-1.1685899989626252,-0.10555235099286739,1.2741423499554019
1.9639278557114226,0.7252919343577404,-1.4141014459355798,0.688809511577897
1.9679358717434867,1.255299193820186,-0.06350147664320625,-1.1917977171768812
1.9719438877755509,-0.5752226330071263,1.406509854277361,-0.8312872212702793
1.975951903807615,-1.3240648057652664,0.23164753039232383,1.092417275372845
1.9799599198396791,0.41693227237475095,-1.378816541475964,0.961884269101246
1.9839679358717432,1.3739093828200961,-0.39648329260123605,-0.9774260902187518
1.9879759519038074,-0.25268326582134687,1.3314172061435894,-1.0787339403222616
1.9919839679358715,-1.4041172096195664,0.5556523156301145,0.8484648939893426
1.9959919839679356,0.08482301816025656,-1.2649896617238214,1.180166643563572
2.0,1.414255851944375,-0.7068790690062056,-0.7073767829380588
